name,C,permutation
t1_0181,65039,"28,46,9,20,31,45,24,8,25,22,4,0,1,34,49,18,38,26,48,7,44,27,15,19,2,17,37,41,47,14,33,39,40,42,23,13,32,6,5,12,21,16,10,35,30,3,29,36,43,11"
t1_0182,64100,"3,33,27,32,26,1,39,38,35,48,4,9,10,5,17,7,36,20,29,47,42,16,8,46,31,30,23,45,40,18,22,25,2,37,49,14,15,41,6,12,43,24,11,28,21,44,19,13,34,0"
t1_0183,66030,"19,43,3,29,4,17,7,40,31,5,47,42,6,21,2,23,18,34,41,48,20,8,9,27,13,32,36,46,24,49,16,10,22,38,30,26,33,35,14,0,28,12,44,11,37,25,1,45,15,39"
t1_0184,61860,"15,33,23,8,34,45,17,3,25,47,41,9,48,20,28,31,5,42,0,6,18,32,30,49,44,27,13,4,35,12,16,19,7,2,43,11,1,29,39,40,46,24,22,21,36,37,10,38,26,14"
t1_0185,62260,"35,49,1,17,40,7,20,44,22,37,2,32,33,21,19,25,12,30,34,38,28,4,48,18,42,47,45,43,3,15,13,8,36,10,9,5,24,6,23,46,26,41,31,39,29,14,27,16,0,11"
t1_0186,63784,"0,2,9,15,20,3,17,5,4,33,24,47,31,14,27,48,34,11,46,21,28,36,37,41,12,22,8,16,42,1,13,43,39,19,38,25,18,7,45,40,23,35,26,29,10,6,32,30,44,49"
t1_0187,62152,"34,43,44,10,31,27,36,23,20,33,5,21,0,8,4,40,12,41,28,9,38,25,2,13,18,42,47,11,19,29,16,6,24,45,37,7,1,46,3,35,14,39,26,48,15,22,30,49,32,17"
t1_0188,65909,"4,3,25,41,16,39,20,34,2,36,22,44,33,18,12,21,46,11,0,47,9,10,40,26,14,49,17,6,24,28,7,8,13,5,43,38,15,1,32,19,45,30,27,31,35,48,37,29,23,42"
t1_0189,60110,"41,22,20,29,10,13,45,34,15,25,9,18,42,44,31,19,30,37,48,49,11,26,5,47,3,8,4,46,6,28,40,23,39,35,33,43,12,17,32,14,27,2,7,36,0,24,21,16,1,38"
t1_0189,60110,"41,22,20,29,10,13,45,34,15,25,9,18,44,31,19,37,48,49,11,30,42,47,3,5,4,46,8,26,6,28,40,23,39,35,33,43,12,17,32,14,27,2,7,36,0,24,21,16,1,38"
t1_0190,59937,"26,24,15,44,34,42,38,16,32,17,36,14,48,21,2,11,3,37,31,33,27,29,0,46,13,49,25,45,43,4,23,18,8,9,40,47,1,41,12,20,30,19,22,5,35,6,39,28,10,7"
t1_0191,60388,"22,26,18,15,31,44,2,4,28,13,5,48,21,43,35,20,42,46,19,29,25,23,30,49,12,41,0,3,45,6,7,38,1,16,14,47,10,27,36,37,11,24,9,17,40,8,33,34,32,39"
t1_0192,60787,"48,17,29,15,5,25,44,0,40,36,31,39,26,22,42,37,43,27,2,16,45,14,28,3,20,12,1,7,34,46,41,18,49,10,4,33,38,13,32,19,24,11,30,8,6,47,35,9,23,21"
t1_0193,67749,"24,9,2,11,36,30,12,39,48,29,27,47,28,40,22,1,35,26,44,32,0,34,33,7,31,6,10,17,16,38,8,46,19,25,37,4,18,49,13,21,41,15,5,45,20,43,3,42,23,14"
t1_0194,63197,"2,24,34,3,5,40,49,26,16,19,4,42,41,35,11,8,29,9,13,48,25,15,43,23,39,17,10,0,46,36,31,47,30,1,22,27,44,38,7,37,12,14,45,6,33,18,32,21,28,20"
t1_0195,61278,"42,27,44,26,6,7,32,49,17,1,33,37,22,14,35,48,39,34,43,8,25,19,12,24,16,30,10,31,13,23,29,11,38,47,4,18,46,45,2,15,3,0,41,9,40,21,28,36,20,5"
t1_0196,65131,"28,5,27,19,29,6,9,23,17,11,8,26,30,41,18,36,10,38,24,7,3,37,15,40,31,32,1,49,34,20,21,48,2,22,33,39,45,43,13,42,25,14,47,46,0,16,12,44,4,35"
t1_0197,64399,"16,19,11,12,4,47,26,42,1,0,22,34,29,15,37,9,27,28,43,30,36,14,23,18,46,3,17,10,49,24,41,38,5,6,45,8,13,44,21,39,35,32,33,40,31,2,48,20,25,7"
t1_0198,65262,"21,2,29,11,39,49,47,23,15,24,3,27,30,46,28,4,7,36,14,22,33,12,18,48,17,25,20,8,19,6,13,26,9,31,45,5,35,40,42,16,38,0,44,1,10,37,41,32,43,34"
t1_0199,62168,"13,34,29,30,22,3,25,28,41,20,24,43,47,15,27,46,37,35,9,26,23,33,5,45,4,2,32,14,18,31,38,7,36,49,12,40,1,39,21,48,19,44,11,16,17,10,0,8,42,6"
t1_0200,66236,"5,19,34,38,33,17,20,3,22,0,11,15,36,49,21,41,45,1,25,12,10,2,42,46,35,47,13,44,6,43,28,40,14,37,8,7,23,16,48,24,31,29,30,4,26,39,9,18,32,27"
t1_0201,60325,"6,38,1,42,25,20,47,28,0,7,13,14,23,5,46,49,4,16,41,21,39,26,10,11,44,32,9,35,8,22,18,15,19,31,12,27,3,34,45,29,33,43,24,48,17,30,37,36,2,40"
t1_0202,61543,"12,43,22,14,16,45,15,11,1,33,25,42,39,34,24,10,23,35,32,20,8,27,40,6,30,3,7,41,48,29,17,44,46,26,18,47,49,4,38,37,31,13,9,28,2,0,19,21,36,5"
t1_0203,65235,"9,48,21,22,37,25,30,49,41,46,16,35,44,40,2,5,15,17,19,38,1,27,39,28,8,18,43,33,32,0,3,20,45,42,10,34,24,7,12,36,14,23,47,11,4,26,6,31,29,13"
t1_0204,64593,"24,48,22,21,3,31,0,27,39,33,7,43,49,14,6,26,47,32,37,20,42,41,2,17,45,30,34,44,19,11,1,38,10,36,15,4,16,18,28,13,5,23,29,9,8,25,40,12,35,46"
t1_0205,62237,"24,45,42,43,14,5,31,47,4,6,21,33,26,7,35,22,40,13,18,19,41,34,12,1,48,20,30,8,27,15,11,25,38,10,0,37,39,23,49,9,28,36,32,16,2,29,3,44,17,46"
t1_0206,67479,"32,17,6,27,44,33,28,1,8,30,5,7,36,2,22,11,14,35,40,49,0,24,20,42,26,13,31,39,43,15,3,21,18,4,48,12,29,38,47,23,34,45,37,41,9,46,19,16,10,25"
t1_0207,65524,"45,38,11,42,26,5,15,34,25,21,14,18,13,28,41,44,31,47,24,46,12,1,9,32,23,4,3,33,35,0,49,27,30,7,36,48,20,8,37,29,39,19,22,2,6,10,43,17,16,40"
t1_0208,66081,"47,40,27,32,5,19,21,15,0,13,10,42,41,3,7,37,23,30,16,11,26,39,36,6,20,12,45,1,18,29,44,17,28,35,46,14,9,25,49,34,31,38,4,24,22,43,8,33,48,2"
t1_0209,66562,"30,12,11,3,4,36,27,28,43,29,14,42,49,8,13,19,38,31,18,25,10,37,45,21,1,35,0,48,16,26,6,24,32,41,2,46,17,40,23,39,44,22,47,34,15,5,7,9,20,33"
t1_0210,63731,"4,45,48,1,30,27,43,28,46,24,33,0,5,34,26,10,40,2,20,37,18,17,11,31,7,8,6,47,9,3,16,25,19,29,23,42,36,49,12,35,32,41,14,21,44,38,22,39,15,13"
t1_0211,62969,"44,8,36,22,28,11,47,38,18,6,42,27,2,4,32,41,21,46,31,45,3,20,26,19,24,23,48,33,15,35,43,1,16,14,10,49,17,13,37,40,39,9,29,34,30,25,5,0,7,12"
t1_0212,67546,"44,1,48,2,22,29,32,41,20,28,31,42,36,25,39,21,7,18,6,27,45,34,24,4,33,19,10,14,15,5,11,35,17,38,12,3,46,16,26,13,37,40,30,23,8,43,0,47,9,49"
t1_0213,66684,"10,8,15,19,2,41,47,12,11,7,25,30,42,22,27,40,3,49,20,9,24,26,39,43,33,46,18,16,37,34,5,0,1,13,17,23,28,29,48,35,44,32,14,4,45,38,21,36,31,6"
t1_0214,67586,"12,46,35,9,18,39,2,43,41,34,37,31,16,30,1,45,33,25,23,40,32,11,38,44,6,17,20,36,4,28,26,8,0,19,14,48,47,21,5,42,29,3,10,24,27,15,49,13,22,7"
t1_0215,65207,"25,5,17,40,29,4,44,12,30,18,3,39,1,24,19,46,6,36,31,11,32,20,41,23,34,38,22,28,14,37,43,49,21,35,9,8,33,47,13,2,15,26,16,0,7,27,48,10,42,45"
t1_0216,68404,"23,11,28,30,39,25,12,45,13,38,15,10,40,43,32,19,36,7,4,20,2,29,47,1,44,17,21,48,35,16,31,9,33,18,49,37,22,46,24,0,6,34,27,14,26,3,42,5,41,8"
t1_0217,67743,"45,7,37,25,9,43,31,48,28,26,21,35,44,20,24,49,47,40,38,16,39,36,19,6,22,34,46,13,29,11,18,32,27,15,14,8,2,10,17,3,30,4,23,33,42,1,5,12,0,41"
t1_0218,66060,"26,28,21,5,15,38,7,31,16,39,33,14,3,42,24,6,1,35,40,44,19,34,47,30,25,29,48,13,18,45,32,4,23,22,0,27,46,10,20,11,43,2,8,9,37,12,17,49,41,36"
t1_0219,70203,"13,36,9,35,27,38,48,18,30,42,46,44,25,8,34,39,47,45,49,6,1,22,24,7,33,43,31,40,23,3,14,4,11,28,15,32,2,5,12,29,41,26,19,17,10,37,16,0,20,21"
t1_0220,64129,"2,14,49,42,19,13,37,24,35,32,17,6,45,29,20,41,1,28,12,10,25,43,48,18,9,11,30,39,31,4,33,44,26,8,23,36,46,47,40,27,22,5,3,0,15,7,34,38,16,21"
t1_0221,66897,"8,21,18,3,25,7,42,17,38,41,6,4,10,35,37,26,34,20,31,1,48,12,30,39,15,16,22,43,27,33,44,36,23,9,24,0,28,14,46,47,11,49,2,32,13,19,40,29,5,45"
t1_0222,69124,"5,7,49,13,1,20,47,40,4,30,25,15,36,38,6,12,33,39,23,14,42,34,19,24,0,27,8,18,3,35,32,43,28,41,46,9,16,45,29,22,17,2,21,37,26,44,48,11,31,10"
t1_0223,64150,"5,10,39,32,49,48,2,45,8,36,6,22,16,14,13,38,33,43,25,31,24,29,19,23,0,3,41,15,34,9,20,7,28,35,11,46,42,40,12,37,21,4,26,18,47,30,17,44,1,27"
t1_0224,65750,"42,36,39,4,6,9,32,49,11,35,33,10,13,26,46,16,41,8,47,34,23,15,37,0,21,1,22,28,27,5,24,19,2,17,38,48,12,30,29,25,45,7,31,18,40,3,20,43,14,44"
t1_0225,66700,"12,15,19,47,29,16,28,46,35,18,45,27,23,21,14,8,38,25,13,1,11,31,43,7,22,0,33,36,20,40,48,3,10,2,4,34,37,5,9,26,30,49,42,6,41,24,39,17,32,44"
t1_0226,66284,"9,10,21,43,32,3,11,8,23,26,44,4,20,46,37,5,29,40,35,48,42,7,1,45,31,19,36,38,6,22,25,14,39,18,0,33,12,17,28,34,49,13,2,41,30,15,16,47,24,27"
t1_0227,68562,"7,27,5,10,16,41,8,35,37,18,14,11,32,39,3,49,48,23,44,9,33,29,31,46,17,2,45,26,21,0,43,42,6,12,40,25,24,34,1,28,13,15,30,20,19,47,4,36,22,38"
t1_0228,67396,"46,5,18,4,0,40,47,1,30,26,9,11,10,12,2,6,15,36,14,25,16,37,31,48,33,19,27,24,32,34,41,23,44,29,35,22,39,8,21,17,7,38,20,49,43,45,42,3,28,13"
t1_0229,64341,"18,20,24,42,23,37,10,26,19,22,29,3,4,48,46,36,9,47,28,31,30,49,33,2,38,15,45,6,34,21,40,7,5,39,17,16,44,32,14,27,8,13,41,25,1,11,0,43,12,35"
t1_0230,68866,"27,13,16,39,21,20,22,4,30,5,34,1,11,43,35,45,17,37,31,3,38,33,49,47,23,36,25,46,14,48,7,28,24,19,32,10,44,42,15,0,6,41,40,8,9,29,2,26,12,18"
t1_0231,68213,"31,47,4,22,17,8,36,25,44,3,19,16,0,26,49,24,41,39,9,5,2,48,11,35,45,40,30,46,43,14,34,42,10,1,29,7,6,15,28,32,18,23,20,13,38,21,27,12,33,37"
t1_0232,67858,"0,4,13,12,47,11,15,1,49,26,8,23,7,32,31,44,6,33,22,28,21,24,36,18,27,20,39,30,19,14,35,34,45,42,40,17,3,29,16,5,38,37,25,9,46,48,2,10,43,41"
t1_0233,67287,"35,42,9,25,16,17,21,12,7,28,49,46,39,38,36,34,1,33,43,27,30,19,31,22,37,10,44,6,23,29,47,48,0,32,8,3,41,26,45,11,40,2,18,20,15,14,13,4,5,24"
t1_0234,66610,"34,7,37,9,36,38,40,23,4,1,45,19,28,20,33,12,18,43,26,14,49,41,22,6,42,44,47,17,21,3,11,16,32,46,5,31,35,25,8,15,30,39,0,27,10,13,29,48,24,2"
t1_0235,65641,"21,10,44,0,17,31,11,8,19,43,18,35,6,7,15,16,4,30,40,23,33,26,48,12,41,32,25,27,47,49,46,1,3,34,20,22,45,9,5,37,13,2,42,28,14,39,24,29,36,38"
t1_0236,63546,"8,4,12,37,30,13,47,45,35,36,3,15,27,33,49,6,20,25,19,39,38,24,0,14,7,23,11,1,21,28,17,46,2,16,42,22,43,26,32,40,31,18,48,29,5,41,44,9,34,10"
t1_0237,68316,"6,13,11,34,24,22,19,42,37,15,30,20,41,35,23,47,33,12,1,16,38,8,36,18,14,10,5,46,2,17,48,9,29,25,32,27,45,28,40,21,43,4,7,0,31,39,44,49,26,3"
t1_0238,67216,"13,27,12,0,42,33,30,5,24,20,49,28,35,29,9,39,23,1,44,38,11,37,26,47,31,43,34,15,19,4,40,36,16,45,10,25,46,3,48,14,2,22,6,21,17,8,18,41,7,32"
t1_0239,66285,"22,10,36,30,25,8,13,15,17,41,39,45,29,43,46,21,7,47,18,20,12,49,16,23,31,37,11,26,4,48,28,32,35,27,1,5,34,6,14,38,9,40,0,24,2,33,19,3,42,44"
t1_0240,63841,"35,21,9,17,1,4,33,22,47,5,32,41,23,16,0,39,37,49,7,20,34,46,26,48,43,14,29,31,6,38,3,12,40,36,42,10,25,44,19,45,2,13,30,18,11,24,15,8,28,27"
t1_0301,240759,"56,10,12,42,80,25,7,43,29,36,78,66,71,98,30,59,65,16,91,18,60,13,96,46,64,11,1,88,34,74,2,72,45,79,99,70,62,32,57,20,49,94,67,81,40,86,38,54,47,14,21,69,28,93,87,37,63,3,6,24,9,35,23,95,97,19,85,55,4,0,77,53,5,8,92,83,90,75,82,17,44,48,27,52,73,39,84,68,31,89,50,61,58,41,26,15,33,76,51,22"
t1_0302,241314,"48,25,86,31,5,70,74,44,35,3,56,10,24,39,42,4,22,47,72,62,8,18,96,45,98,16,67,41,30,50,53,2,77,20,82,99,84,1,12,36,88,27,78,6,14,61,28,15,26,92,83,97,76,59,69,7,75,0,71,43,54,63,65,13,91,38,17,89,58,32,52,60,33,21,11,40,51,87,23,90,95,49,29,46,68,79,73,85,57,37,34,94,55,64,9,19,80,66,93,81"
t1_0303,244559,"43,22,77,67,26,4,23,10,27,83,57,2,28,81,91,16,40,1,5,30,66,18,51,76,55,64,63,32,52,88,49,7,14,13,99,93,15,50,75,65,34,8,3,19,59,61,97,58,84,60,78,31,73,39,96,89,41,12,72,42,54,9,92,6,86,95,94,74,36,21,47,37,35,82,46,53,79,25,80,24,29,11,69,90,45,71,20,44,56,0,68,70,48,17,33,98,85,87,62,38"
t1_0304,243326,"8,62,56,12,31,82,71,64,35,20,81,30,7,92,40,0,23,95,4,49,1,25,98,5,52,29,32,90,28,13,16,36,38,10,84,63,66,9,77,91,51,14,26,97,21,72,55,53,47,46,94,80,65,67,54,57,27,17,83,15,87,99,42,50,96,22,88,78,33,68,2,45,69,60,44,58,74,70,59,6,3,61,37,34,19,41,75,85,48,73,18,24,39,43,86,89,11,93,76,79"
t1_0305,246353,"24,70,22,37,98,27,84,68,82,11,83,85,55,0,81,76,78,92,75,2,66,64,53,4,65,12,49,29,32,46,71,54,94,20,43,72,15,9,97,89,3,56,91,1,5,41,63,23,80,88,18,51,69,38,13,44,35,6,14,47,93,74,33,62,25,79,36,7,8,60,28,58,61,10,19,26,67,59,77,52,73,50,57,86,16,99,95,17,90,45,34,40,42,96,31,48,39,87,21,30"
t1_0306,243494,"36,2,26,45,93,20,10,91,1,40,14,31,41,39,63,28,68,4,55,90,81,9,80,52,24,8,84,32,27,17,3,11,37,56,70,12,92,76,42,78,66,22,48,60,94,18,49,30,43,75,59,57,77,29,47,51,54,73,85,64,0,16,62,25,86,6,19,88,83,98,50,58,38,71,74,7,23,72,87,61,21,35,82,97,65,33,46,44,69,34,96,99,53,15,67,89,5,95,13,79"
t1_0307,240341,"96,1,95,16,58,22,74,5,51,37,97,83,32,2,88,53,45,0,44,55,65,36,80,62,86,25,76,68,4,71,91,8,3,34,7,13,10,89,98,26,42,75,20,49,35,19,66,15,84,43,90,93,79,14,59,11,48,64,82,24,73,78,46,28,72,67,23,69,40,41,12,60,56,31,33,9,47,52,77,70,27,38,17,21,30,99,92,54,6,81,87,94,63,39,57,85,50,18,29,61"
t1_0308,232804,"59,57,65,43,45,69,91,64,60,9,7,72,41,14,86,61,87,48,22,11,66,68,1,31,39,17,70,26,83,79,8,13,76,20,67,25,18,52,55,30,16,19,4,40,90,97,38,82,42,74,53,89,35,71,10,32,34,36,93,15,78,77,21,88,56,6,95,98,49,29,44,62,47,27,63,33,54,37,23,0,84,92,28,12,24,46,3,85,73,80,94,75,5,50,2,51,96,81,58,99"
t1_0309,238356,"12,58,35,69,86,78,97,80,64,5,1,37,0,60,15,71,47,17,52,65,44,34,76,28,39,90,89,6,46,85,43,95,62,92,33,50,18,49,9,61,82,54,96,23,4,20,24,3,84,13,63,79,45,57,22,94,42,48,14,88,53,7,32,19,29,21,36,55,74,16,66,75,8,83,10,77,73,27,31,51,25,67,87,72,38,98,40,91,93,41,30,59,56,26,2,70,11,81,68,99"
t1_0310,254007,"44,99,25,89,73,38,93,37,28,80,79,2,39,71,30,34,51,91,87,85,20,45,94,52,10,23,33,72,53,13,62,70,17,11,47,16,43,67,88,92,76,5,57,6,61,8,36,40,41,68,98,81,86,90,14,15,60,9,4,56,27,26,18,84,7,54,35,64,3,82,21,50,75,69,74,66,31,59,29,12,49,58,97,77,24,48,63,55,32,96,95,46,65,22,19,1,83,42,78,0"
t1_0311,236147,"0,85,86,84,59,32,88,28,78,60,72,26,44,98,24,14,63,2,11,6,15,19,38,54,9,53,49,70,33,25,23,73,16,91,65,12,77,21,45,95,89,80,36,74,1,90,68,30,17,35,94,48,37,67,76,13,42,40,10,96,50,3,57,93,52,22,18,69,92,62,51,97,43,7,79,55,75,4,5,34,99,56,8,83,82,61,41,71,64,20,58,39,46,29,81,87,47,27,31,66"
t1_0312,227506,"21,82,12,65,3,41,78,96,40,71,56,58,99,53,62,5,15,11,68,75,48,59,2,87,10,38,13,81,33,74,46,43,37,4,98,97,19,47,86,1,30,54,88,57,25,77,17,51,84,44,0,23,76,85,94,79,73,60,28,32,49,80,42,90,69,67,14,6,16,35,22,24,66,9,31,95,18,36,63,45,7,8,89,55,20,83,26,64,70,50,72,61,27,92,39,34,52,93,29,91"
t1_0313,239857,"9,55,14,39,17,65,45,42,4,67,66,85,72,87,16,25,77,21,68,88,51,95,96,89,61,43,5,44,24,6,35,69,7,33,32,3,58,37,57,11,54,90,0,40,46,26,64,99,76,19,80,62,84,70,91,49,18,41,59,30,15,92,36,60,29,12,38,1,23,93,31,56,48,79,73,27,75,20,78,22,28,53,82,13,74,34,86,50,52,83,47,71,2,94,98,10,63,81,8,97"
t1_0314,246605,"87,65,22,48,32,71,7,9,98,83,49,78,50,1,68,12,57,45,11,6,46,35,17,42,3,81,66,89,26,90,36,44,8,34,86,96,31,95,19,24,13,20,91,93,58,38,73,0,74,30,43,55,72,53,60,56,85,94,69,39,14,37,27,52,76,84,67,63,79,33,77,16,70,4,51,59,18,10,28,5,75,29,80,40,21,82,97,25,64,54,99,15,23,88,47,2,62,41,61,92"
t1_0315,243800,"52,23,98,14,80,49,11,26,92,41,57,68,47,17,79,56,95,73,32,39,4,89,65,86,16,8,46,72,29,85,90,51,64,60,84,74,27,25,45,76,40,55,78,83,93,21,43,6,50,0,37,19,36,18,22,75,1,53,63,69,24,71,59,30,35,38,33,3,13,34,28,88,9,12,91,2,70,58,81,99,5,10,20,61,87,96,97,94,7,82,66,67,44,54,31,77,15,62,42,48"
t1_0316,237537,"30,83,85,37,31,2,56,44,80,88,22,19,46,90,66,36,97,49,72,52,35,48,1,58,94,10,40,54,21,13,62,23,16,73,14,81,25,99,20,50,65,26,38,53,3,32,91,33,55,47,63,27,34,67,69,9,77,42,93,92,8,7,15,24,89,6,74,95,98,57,17,75,5,51,79,76,45,41,82,43,59,87,0,61,18,39,12,68,29,96,84,60,11,64,86,28,78,4,70,71"
t1_0317,247555,"42,50,18,29,66,24,58,2,17,81,44,63,64,3,10,54,12,96,34,91,19,8,78,11,39,46,16,69,98,62,7,73,1,30,32,33,82,49,45,25,61,74,59,52,28,35,27,84,0,21,4,77,5,56,87,51,80,53,92,65,31,94,72,76,36,14,86,88,9,97,90,43,48,67,60,89,37,40,95,99,57,55,70,6,22,38,15,85,93,71,83,75,68,41,79,23,13,26,20,47"
t1_0318,230126,"41,28,98,59,33,26,4,46,38,56,18,10,43,14,95,13,30,17,3,89,24,12,62,82,58,92,5,36,32,8,34,81,99,71,16,37,19,78,15,21,31,83,69,80,25,50,72,49,66,84,97,48,7,64,29,91,68,20,22,93,9,61,86,63,79,47,67,77,42,1,6,96,73,35,53,23,45,88,75,57,51,52,85,87,0,2,44,27,94,60,11,54,74,65,40,76,55,70,39,90"
t1_0319,234987,"24,11,65,93,71,47,77,56,1,9,62,63,83,5,87,52,98,44,28,73,88,58,12,23,7,59,64,29,80,84,39,27,76,46,2,50,67,85,17,69,61,10,86,89,74,34,36,30,49,45,32,57,79,75,94,31,42,55,97,6,40,26,37,0,20,33,41,38,72,78,13,54,66,15,99,68,35,8,25,90,53,81,19,22,91,92,14,82,48,3,43,16,51,60,18,21,4,96,95,70"
t1_0320,232616,"15,59,52,34,0,36,56,97,69,90,76,12,78,39,18,30,96,16,50,47,38,28,21,70,46,49,58,83,80,26,62,91,35,57,41,33,86,6,53,9,63,99,85,10,48,23,89,13,1,42,29,92,93,54,17,20,87,68,55,73,14,7,40,64,51,84,95,31,74,45,75,81,2,27,77,66,67,65,5,8,71,82,11,25,72,61,94,43,44,60,88,24,22,4,79,32,19,37,3,98"
t1_0321,237823,"16,86,43,45,39,87,28,11,52,63,54,42,83,47,24,51,59,44,2,91,15,80,18,32,4,60,3,25,75,1,41,12,23,85,72,76,14,74,73,49,95,6,61,96,35,8,93,89,64,88,70,57,21,20,81,40,77,78,67,55,26,30,99,56,0,34,36,79,65,90,50,62,38,33,22,84,31,92,68,17,69,13,27,71,7,97,82,29,19,66,10,58,9,94,37,53,46,98,48,5"
t1_0322,244579,"49,96,37,61,26,79,97,19,93,62,39,51,95,42,13,68,20,38,67,14,60,85,58,71,31,32,89,66,90,43,81,46,18,87,73,72,45,82,5,17,69,7,9,33,4,94,75,57,74,86,64,0,23,92,63,54,2,78,11,36,15,10,56,30,8,88,65,77,22,91,70,76,29,47,44,25,80,40,35,84,27,1,16,6,99,59,28,24,52,55,48,41,34,98,50,12,53,83,21,3"
t1_0323,246879,"0,92,95,87,42,52,39,2,86,14,9,81,41,23,6,71,34,17,79,77,67,82,85,45,47,64,7,54,84,75,31,32,59,91,89,74,33,15,60,10,16,70,5,4,51,66,29,3,49,40,44,46,57,94,13,62,1,19,80,69,55,48,58,30,26,56,38,20,25,8,88,72,61,65,37,99,27,28,97,90,12,76,93,73,50,22,63,53,68,78,24,35,36,96,43,98,21,83,11,18"
t1_0324,231755,"52,42,89,48,73,60,10,63,37,27,55,20,79,56,87,74,84,57,51,16,44,50,23,66,34,97,95,2,68,71,90,30,82,59,22,21,80,41,88,36,62,92,64,11,65,70,91,38,26,1,58,24,19,99,31,93,69,18,81,12,35,78,5,4,33,29,77,98,8,14,40,67,3,7,46,85,28,61,15,76,17,32,25,45,94,49,53,39,72,47,75,54,86,9,96,13,43,6,0,83"
t1_0325,240321,"39,92,89,66,57,69,77,56,79,78,17,53,91,54,75,48,45,44,90,31,59,61,72,73,34,28,58,70,38,49,93,13,43,71,67,46,2,22,95,82,0,18,74,20,21,5,99,84,76,35,52,88,40,55,81,41,6,32,4,60,50,80,10,12,87,3,37,25,23,24,1,16,26,62,14,27,11,51,47,65,33,29,15,83,42,19,86,98,8,7,68,96,94,97,30,9,85,63,36,64"
t1_0326,248518,"74,81,82,37,12,43,91,56,27,10,57,79,50,2,15,61,67,48,90,20,93,85,22,64,80,78,49,26,14,84,87,95,94,47,71,62,51,9,41,59,66,35,63,30,45,52,72,31,29,1,23,76,19,28,68,77,54,60,75,21,83,46,96,89,24,65,5,69,8,38,4,55,18,13,32,42,73,39,98,6,44,92,40,97,88,36,16,99,34,53,86,70,58,7,17,0,25,3,11,33"
t1_0327,248549,"23,41,45,89,71,0,69,14,29,84,2,99,92,68,26,18,96,65,55,94,91,63,47,39,90,24,10,72,35,34,12,75,8,11,20,3,80,60,83,27,43,51,7,32,48,40,5,30,95,46,88,61,93,67,57,36,79,54,56,85,31,13,28,77,21,19,86,78,22,50,38,97,9,37,16,53,87,6,52,58,62,15,76,70,66,98,49,1,74,4,25,82,59,81,17,42,64,44,73,33"
t1_0328,248574,"47,43,64,61,0,31,24,60,68,45,76,94,38,9,18,54,39,7,84,15,25,96,55,81,77,28,71,29,13,79,58,67,63,23,97,93,69,30,73,99,35,49,98,50,91,46,3,48,14,32,17,27,1,86,92,6,10,53,88,62,33,70,95,75,11,21,85,4,74,22,5,89,16,72,87,66,40,78,12,19,57,59,36,82,56,37,44,20,80,52,90,83,2,26,42,65,41,34,8,51"
t1_0329,244655,"75,99,10,60,29,55,22,40,42,53,23,95,17,33,84,47,43,41,3,15,67,6,52,65,7,61,96,97,9,1,73,25,30,37,4,81,36,57,92,38,89,88,90,31,16,80,20,91,44,32,82,58,12,21,68,39,74,94,28,64,98,76,46,63,71,85,8,49,19,18,66,70,0,83,78,77,93,54,5,56,13,45,62,86,72,51,87,35,79,69,27,24,11,48,26,34,2,50,14,59"
t1_0330,237763,"27,86,33,12,92,35,89,73,75,31,14,36,34,98,43,54,95,96,71,63,53,10,41,57,64,77,97,2,66,69,45,90,59,16,15,37,3,5,78,70,81,87,82,50,55,72,24,4,93,21,62,47,67,42,9,48,74,83,85,49,1,61,7,20,6,13,80,52,60,17,94,39,46,88,38,29,76,22,44,11,56,51,79,58,84,18,0,28,99,19,26,32,25,68,91,40,23,65,8,30"
t1_0421,946676,"114,197,81,149,118,53,0,68,144,43,173,24,191,111,164,26,160,10,3,158,9,54,52,47,102,46,186,122,17,32,30,84,188,38,152,193,58,18,117,59,182,125,1,91,71,92,166,100,62,2,48,55,40,180,148,190,151,33,145,115,15,184,129,150,57,139,106,167,127,12,45,198,96,101,147,179,134,108,16,107,126,116,5,168,34,65,185,94,60,37,177,87,171,163,137,183,176,8,69,119,175,120,161,76,113,170,141,88,86,78,194,112,29,181,192,72,136,79,74,138,44,155,11,133,77,13,110,80,4,99,19,124,156,98,97,31,41,73,25,64,153,123,14,6,199,75,132,130,93,104,195,95,51,187,82,154,39,35,169,105,63,22,196,159,28,27,70,42,49,189,174,109,140,128,89,146,178,157,50,172,142,85,56,66,23,36,7,20,83,121,90,67,162,131,135,21,61,103,165,143"
t1_0422,931048,"114,178,151,88,196,153,71,143,101,147,97,116,107,82,198,85,161,118,98,185,55,93,152,137,197,136,186,157,111,6,128,52,74,195,99,63,138,14,193,140,43,1,194,170,165,79,29,175,61,60,83,102,131,141,90,22,173,149,11,59,123,37,168,129,18,172,191,23,0,56,72,104,53,87,81,133,31,103,80,95,16,64,184,166,167,187,27,47,26,78,50,117,15,146,154,174,179,21,189,32,113,24,38,135,142,42,73,130,190,77,192,112,108,183,9,86,46,28,41,150,100,20,169,57,110,65,155,12,96,122,180,68,25,162,121,51,69,125,13,34,126,70,5,3,58,124,158,176,30,171,40,134,62,75,17,109,182,106,164,35,148,92,4,163,160,10,145,120,49,188,144,159,19,7,115,8,67,139,89,33,199,54,84,76,105,2,181,48,127,36,177,156,119,45,39,91,94,132,44,66"
t1_0423,939453,"117,154,168,54,94,159,165,110,28,106,162,15,112,155,11,91,49,35,109,107,131,100,160,119,87,103,96,78,199,83,26,126,166,161,13,24,92,51,58,59,192,10,157,75,164,198,32,197,174,39,6,115,163,105,145,50,127,134,101,70,69,34,21,45,140,52,128,141,7,132,108,81,33,148,196,93,46,130,9,55,30,47,177,184,66,95,27,25,79,89,179,29,44,169,48,135,31,41,72,57,84,195,133,147,56,2,125,172,185,188,186,178,22,120,1,73,183,64,36,19,118,76,175,0,85,65,16,61,122,88,42,116,180,71,97,153,4,158,63,190,182,68,3,40,38,150,23,173,82,114,170,43,121,144,194,191,62,111,20,124,136,152,12,142,167,156,5,90,113,80,123,86,99,137,74,104,171,138,8,149,53,146,18,102,189,129,151,14,176,98,193,37,187,143,77,60,17,67,181,139"
t1_0424,927599,"144,109,114,70,51,138,161,122,76,156,184,197,58,121,148,42,199,18,3,40,165,151,0,128,86,171,160,180,29,117,50,87,23,80,150,47,14,36,188,157,123,143,191,97,137,194,53,102,101,44,57,140,20,49,1,68,38,185,90,54,119,35,72,98,67,134,63,118,92,91,17,37,110,169,124,172,6,96,22,43,93,155,181,153,62,129,11,133,73,166,28,139,189,8,126,16,107,31,147,94,190,193,81,105,195,45,89,142,112,9,15,136,99,2,146,27,179,55,158,13,24,7,48,131,74,132,19,21,84,59,82,130,149,78,196,83,127,183,61,34,125,163,182,69,104,10,33,71,26,12,141,198,154,60,25,30,192,65,5,174,167,95,145,106,164,56,88,168,162,32,41,77,116,135,173,152,103,176,113,100,186,115,111,187,108,39,79,177,52,175,66,178,75,4,85,170,120,46,159,64"
t1_0425,942998,"163,98,182,191,64,79,32,100,15,34,65,80,152,147,14,30,24,171,186,135,46,31,11,88,78,121,146,90,131,40,110,72,168,157,149,77,138,172,132,39,76,35,155,25,160,122,9,196,195,48,57,95,6,189,141,184,18,68,177,56,130,84,52,43,165,51,58,8,50,103,150,16,92,181,42,124,86,55,183,105,175,102,194,37,112,111,180,193,113,176,60,21,128,69,187,26,114,20,75,153,116,13,134,45,7,91,4,10,156,12,125,159,89,199,109,151,115,148,2,154,104,0,161,29,70,107,17,178,169,190,179,143,53,162,188,117,166,67,49,23,123,97,1,38,198,81,120,144,167,142,27,106,139,83,19,140,99,133,197,3,158,101,74,192,87,47,73,33,59,22,36,66,174,82,93,28,41,62,71,108,96,61,136,185,85,127,126,54,129,164,170,63,137,145,5,119,94,118,44,173"
t1_0426,935546,"103,185,58,20,173,178,131,187,11,44,40,54,66,52,28,55,91,16,37,71,89,42,65,189,159,160,197,138,133,146,62,25,193,162,108,147,199,152,84,38,171,72,175,114,153,64,102,60,82,63,80,96,124,8,39,70,116,14,144,191,47,196,74,26,73,140,125,35,143,123,188,192,180,95,119,23,176,6,183,104,76,13,163,94,87,98,137,53,32,22,83,132,101,112,182,34,50,105,46,141,139,97,184,68,118,33,186,7,166,51,57,155,122,77,167,67,10,181,127,169,4,0,48,43,92,5,49,170,93,29,154,1,69,117,30,9,136,61,99,100,157,115,179,165,59,107,130,17,111,45,12,145,88,21,158,113,31,15,19,3,78,81,36,120,135,194,90,79,18,126,161,151,156,150,149,106,128,56,75,134,148,168,27,190,198,24,195,109,129,177,174,172,164,2,110,142,121,85,41,86"
t1_0427,908290,"136,59,172,112,39,22,165,50,111,183,72,7,20,56,85,168,61,130,145,106,93,46,177,155,67,73,134,96,30,142,161,55,121,10,6,68,175,196,135,164,21,37,105,76,42,31,150,104,176,19,92,199,77,38,3,113,41,0,125,103,120,70,25,178,23,27,154,81,146,189,74,58,137,34,190,143,174,12,151,64,141,63,170,57,126,152,98,17,192,36,159,47,144,60,90,65,100,51,116,43,29,153,28,166,163,149,18,158,86,99,66,122,169,167,115,53,89,186,80,180,94,11,62,79,87,124,35,140,45,84,148,133,54,194,95,26,49,2,195,131,9,82,40,4,128,71,78,193,173,97,91,198,101,197,83,14,181,109,52,24,188,110,187,127,69,156,16,107,184,160,114,1,129,33,44,5,8,32,119,102,15,138,162,88,147,171,108,75,123,118,132,191,13,157,182,48,185,179,139,117"
t1_0428,951403,"192,101,19,160,141,94,167,58,68,49,158,56,138,34,103,149,63,108,28,52,121,15,60,30,174,161,115,125,55,50,77,41,62,2,162,82,5,86,57,80,25,76,37,24,140,129,117,118,113,1,4,48,186,97,10,196,73,88,26,46,148,13,74,130,98,193,143,110,79,177,64,85,35,53,11,33,54,139,131,83,21,180,102,163,95,194,155,31,133,185,159,188,72,197,199,87,189,136,105,96,147,122,175,17,146,69,151,145,124,91,66,16,173,176,59,111,3,120,183,156,44,134,179,8,153,45,191,114,6,190,157,65,171,51,195,81,135,123,9,71,38,42,78,39,70,20,32,106,22,92,7,150,116,144,61,178,90,89,104,154,142,112,36,119,0,29,170,109,75,164,132,172,184,47,40,152,168,23,127,169,137,99,14,107,165,126,198,93,166,128,18,187,27,12,67,43,84,182,181,100"
t1_0429,937646,"159,171,93,47,106,86,161,26,79,108,74,167,69,76,58,116,160,144,80,42,18,155,52,44,198,15,71,54,109,148,46,45,62,31,17,189,111,63,104,55,194,39,1,134,131,190,132,135,82,84,41,117,102,183,5,97,77,105,0,193,3,179,101,176,115,118,72,163,61,25,129,35,138,121,95,152,89,4,38,157,50,30,123,153,48,32,180,65,164,59,182,40,145,96,130,49,66,172,195,136,60,88,181,149,34,13,142,133,124,192,73,12,141,7,173,143,188,24,94,8,20,174,16,90,2,100,146,6,112,186,68,137,122,120,114,64,53,177,33,175,27,19,199,154,92,178,36,119,75,81,187,56,139,103,28,99,156,11,140,128,23,158,151,67,9,127,110,22,51,85,21,196,126,165,162,83,125,107,57,166,37,29,184,191,147,14,150,168,170,70,10,43,113,78,169,91,87,197,185,98"
t1_0430,946531,"181,194,143,129,69,84,53,177,174,16,20,66,29,25,120,160,166,55,0,183,178,116,157,134,151,62,47,125,87,50,73,199,13,96,137,10,159,22,36,71,89,113,153,100,170,193,135,57,163,173,179,122,190,108,119,30,111,168,106,79,11,74,154,117,31,12,17,88,164,58,149,99,93,186,169,167,78,189,136,185,9,21,83,3,18,37,63,156,107,105,121,112,82,138,51,27,67,104,118,24,64,54,33,187,19,52,2,65,97,35,49,68,130,45,172,59,40,139,141,60,14,7,162,195,161,101,98,72,145,165,126,142,44,150,26,197,38,115,39,114,5,46,77,48,175,86,133,42,15,76,41,61,184,34,196,43,90,32,28,123,109,6,198,124,182,91,127,176,188,132,147,81,92,146,4,180,131,56,102,140,191,144,152,70,192,155,1,128,148,158,94,103,171,110,85,8,80,95,75,23"
t1_0431,914316,"107,199,112,53,31,98,118,72,42,73,78,123,61,21,90,189,173,115,113,122,108,191,14,65,93,96,6,171,86,54,141,20,148,45,68,12,146,28,56,41,117,111,22,114,135,167,198,119,29,77,15,164,26,1,180,91,66,106,159,52,178,138,179,147,168,145,130,76,74,17,67,9,92,127,33,165,194,0,186,69,134,124,83,120,49,34,11,125,116,169,132,172,43,38,94,187,162,140,23,4,109,176,50,39,183,47,13,32,163,155,3,48,75,154,166,46,19,151,177,143,101,197,37,40,70,80,150,121,136,59,18,62,181,2,64,16,144,105,156,44,84,185,60,8,99,161,10,133,103,104,129,160,102,27,190,196,25,95,131,87,97,7,71,149,158,88,100,79,36,57,174,139,152,157,58,195,30,188,182,128,153,55,110,137,5,184,24,85,193,126,142,170,175,81,192,63,35,82,51,89"
t1_0432,952272,"183,113,16,84,82,193,165,2,95,138,136,137,62,112,53,23,35,179,163,188,191,76,72,26,41,40,28,122,120,114,93,71,162,34,166,140,10,125,64,148,186,18,102,36,8,32,176,142,115,96,116,87,117,6,88,73,156,68,180,70,177,97,57,192,161,158,56,50,153,104,58,194,174,21,106,196,94,128,135,111,155,141,91,1,4,75,46,43,19,181,199,175,66,89,77,152,63,123,17,144,118,60,131,154,164,9,79,119,134,14,189,109,173,37,69,108,145,157,92,124,5,44,182,51,22,190,11,185,172,198,149,178,31,197,132,129,67,49,146,130,29,139,85,110,103,160,86,83,48,30,184,126,13,171,170,33,61,47,7,38,187,12,39,151,147,105,15,100,90,98,133,121,27,101,78,52,169,167,0,54,143,42,159,59,65,195,127,99,45,80,24,107,25,150,20,81,3,55,168,74"
t1_0433,951915,"130,12,107,1,105,38,71,81,121,47,142,48,22,111,176,166,183,76,146,83,154,159,37,54,178,161,153,104,64,21,52,57,61,163,90,95,144,36,98,33,17,150,75,82,139,110,100,119,123,62,68,106,138,145,88,97,184,165,59,191,49,44,30,86,193,168,162,46,19,143,148,179,93,0,198,99,127,192,169,72,157,160,122,23,171,40,28,80,91,53,125,190,69,109,92,2,73,20,118,66,199,126,39,34,103,74,60,177,31,26,11,174,124,89,112,114,175,195,78,65,137,102,117,87,141,85,70,32,41,50,5,182,187,158,133,25,115,96,170,135,128,131,116,79,67,140,56,58,155,136,94,13,185,4,10,156,189,43,63,42,29,172,188,101,152,27,108,151,132,24,186,14,15,181,173,196,7,51,164,120,9,180,16,84,45,6,3,129,167,8,77,149,18,35,197,194,55,113,147,134"
t1_0434,925843,"156,122,94,76,116,27,127,82,72,176,21,198,10,188,159,110,126,168,71,172,85,59,169,0,68,84,3,155,17,102,173,87,162,177,131,37,178,95,93,23,74,81,165,119,16,83,46,4,112,56,34,79,120,7,114,164,13,5,24,171,43,75,153,128,194,152,181,65,179,132,29,125,40,15,38,101,96,184,187,18,32,77,45,6,49,167,11,36,42,117,138,137,91,99,143,174,144,157,14,57,50,113,193,52,130,141,90,107,64,146,195,41,175,61,67,154,189,180,26,53,92,182,118,47,135,80,106,98,51,109,192,48,20,60,142,89,149,166,197,44,163,70,191,33,148,69,19,2,8,108,104,185,54,28,22,97,145,62,100,78,88,183,140,111,63,66,1,105,86,150,136,129,121,12,55,30,134,9,103,147,58,73,151,160,133,161,39,199,31,158,186,196,25,190,124,139,170,35,115,123"
t1_0435,911018,"24,20,150,152,195,52,135,101,179,47,155,131,91,119,26,187,173,188,111,113,138,107,88,83,125,126,15,16,78,110,159,151,149,95,181,189,177,3,18,109,87,46,142,82,117,2,48,80,147,65,61,4,73,62,164,191,122,133,98,59,161,108,104,77,112,168,194,166,55,136,145,178,41,71,84,105,199,162,44,175,38,127,27,49,8,79,69,29,118,6,75,97,144,35,128,58,193,120,31,137,132,163,90,64,5,40,171,74,141,99,134,160,169,146,14,158,60,186,66,96,102,148,9,21,196,0,170,143,67,39,185,25,30,70,184,165,100,190,17,124,114,23,45,81,129,192,130,13,51,93,176,32,57,85,123,156,183,116,89,28,197,19,121,63,139,94,180,172,154,37,182,92,1,72,53,54,76,106,198,12,43,22,103,115,11,167,33,68,174,42,10,56,34,157,7,36,50,153,86,140"
t1_0436,944321,"109,117,68,66,93,52,177,45,49,174,72,159,2,37,161,125,59,114,13,22,115,95,103,126,58,7,32,143,69,24,169,105,26,186,141,162,187,175,30,90,17,34,168,199,8,82,42,144,133,14,48,192,196,188,74,50,65,158,124,190,163,138,16,129,80,179,62,165,71,106,39,55,43,147,21,123,142,47,102,170,15,33,166,92,67,198,9,53,94,152,89,149,41,27,20,107,86,134,112,40,194,46,4,181,151,38,97,79,172,31,120,84,76,36,3,193,104,173,171,29,11,150,135,35,108,78,137,136,85,145,139,121,130,160,44,164,81,88,180,157,119,118,122,127,54,64,70,100,6,153,57,155,10,98,56,99,185,23,61,131,178,25,96,63,5,110,195,191,111,73,83,154,176,87,182,189,77,167,101,91,146,1,18,156,60,132,183,197,28,12,75,184,140,148,0,51,19,128,113,116"
t1_0437,904357,"159,19,102,156,31,5,152,196,192,110,16,131,118,17,27,99,14,190,171,95,74,65,184,185,197,127,157,173,68,32,20,179,142,30,55,63,29,129,51,2,100,94,145,89,42,138,172,60,125,3,76,69,81,146,139,75,72,92,164,61,158,165,58,78,54,7,143,180,44,18,49,181,170,111,117,141,25,53,124,71,36,24,121,155,101,113,162,194,188,97,174,67,66,136,93,59,198,169,130,33,41,116,11,6,26,84,40,123,107,12,39,90,37,108,38,191,35,167,177,70,22,112,43,0,132,21,13,135,57,114,10,4,122,199,34,160,140,134,148,168,83,144,86,105,149,87,47,147,52,137,182,91,73,28,166,56,183,153,106,151,96,193,120,23,80,195,8,79,45,62,50,133,109,9,119,115,189,186,175,178,176,98,88,187,154,15,163,161,103,48,126,128,46,1,64,77,104,150,85,82"
t1_0438,919832,"29,9,93,96,28,191,185,24,164,69,158,177,116,108,72,62,18,4,84,70,58,74,180,82,14,114,121,136,147,42,35,156,119,90,49,145,75,186,153,129,73,83,51,6,167,78,115,107,190,151,168,7,110,87,105,39,154,118,123,101,89,135,17,53,113,184,104,0,132,188,56,2,26,25,165,179,144,22,137,169,146,157,192,112,36,57,159,176,106,32,38,15,30,63,197,178,194,10,34,181,54,130,92,33,183,127,5,40,67,44,65,76,61,16,19,171,187,47,125,21,134,71,152,175,52,68,11,59,94,141,120,64,193,43,199,149,124,1,117,143,50,79,60,189,88,174,48,3,150,95,122,46,133,140,109,196,148,37,111,100,41,102,23,172,163,131,198,91,155,66,142,161,195,45,182,160,81,166,85,77,31,13,128,55,173,170,20,162,126,8,97,12,86,98,138,139,27,99,80,103"
t1_0439,915584,"37,149,75,136,27,174,143,137,30,134,9,88,93,90,152,113,33,50,60,63,20,138,7,159,52,54,62,16,102,68,154,144,38,198,101,79,183,23,76,106,121,176,122,70,127,42,10,180,173,129,14,166,104,187,13,168,43,59,109,24,64,185,181,150,192,100,190,186,189,29,153,2,133,34,91,165,46,107,48,36,177,86,45,118,44,142,172,196,141,117,66,56,87,94,65,81,4,19,3,71,145,188,191,73,175,105,85,84,26,131,155,35,161,115,135,82,123,72,80,197,116,77,132,17,119,163,5,112,140,128,8,182,98,55,156,114,6,199,51,110,0,25,53,40,39,49,83,126,22,130,12,162,184,28,195,158,89,120,167,193,148,41,179,21,58,147,146,96,111,139,57,124,194,151,74,15,78,178,1,171,69,103,108,157,160,11,169,95,61,47,170,164,18,97,99,125,32,31,92,67"
t1_0440,943596,"139,77,3,169,110,159,186,35,29,133,0,148,60,121,11,191,182,43,123,65,16,184,176,112,144,41,135,4,71,142,9,194,89,153,129,48,36,91,116,80,45,82,181,100,190,8,152,90,38,15,117,161,162,92,120,34,173,195,98,2,47,131,179,192,70,85,143,7,149,10,105,42,93,25,171,22,119,20,68,32,17,49,57,187,198,102,73,59,83,124,79,172,114,104,146,189,97,37,23,56,154,84,108,147,167,12,151,196,122,39,76,64,174,40,178,101,61,94,127,165,13,88,125,26,188,150,132,99,103,141,177,164,140,156,155,19,193,81,130,197,62,138,175,134,95,166,28,183,75,21,86,160,168,180,54,67,50,24,1,6,53,69,33,5,126,163,170,74,96,66,113,55,115,128,185,27,145,44,14,52,63,18,31,87,137,157,111,136,199,78,58,107,72,118,51,109,46,106,30,158"
t1_0441,935352,"153,137,0,75,163,188,169,84,44,85,56,21,159,156,147,17,12,173,115,42,89,162,100,187,121,122,50,23,154,191,26,31,16,2,177,33,43,14,5,49,7,198,80,155,53,125,132,63,151,167,143,129,11,141,149,135,30,68,28,189,161,199,111,134,101,47,195,99,197,3,178,146,145,37,190,58,86,88,108,9,97,10,110,150,130,139,74,109,27,136,124,116,65,138,160,148,24,157,131,106,8,87,77,67,29,13,39,168,142,32,34,158,123,35,194,36,48,4,73,6,40,96,90,175,182,103,15,152,82,133,64,119,174,128,61,76,114,172,180,18,117,51,95,41,184,22,92,183,102,62,25,113,107,170,93,176,118,70,144,126,193,54,69,192,1,66,57,120,20,179,72,52,59,104,94,186,55,127,196,79,171,112,166,45,164,83,165,78,140,38,60,46,98,19,185,71,81,91,181,105"
t1_0442,942928,"32,123,135,194,29,76,148,168,183,78,6,195,61,146,193,126,80,66,137,100,167,164,58,5,157,118,185,109,13,177,163,136,48,113,124,106,23,165,8,108,101,95,182,69,57,2,64,111,47,18,15,53,175,174,149,0,59,127,152,122,102,81,1,92,181,98,79,82,45,105,161,153,30,36,7,129,138,72,150,70,176,140,73,197,77,55,180,75,88,19,172,83,31,190,155,144,52,51,162,17,151,35,191,24,103,131,41,67,142,119,63,34,130,38,99,65,96,25,173,133,121,4,171,74,170,44,104,90,28,132,89,60,156,56,49,117,10,97,184,187,160,198,134,91,112,158,196,107,120,68,50,87,20,110,22,147,141,166,178,3,93,71,54,26,188,9,43,186,154,14,39,179,84,46,125,16,12,189,143,27,116,128,94,37,159,169,192,114,145,11,86,62,115,139,33,199,40,21,85,42"
t1_0443,904198,"116,130,190,65,69,75,165,114,48,80,187,58,123,2,161,158,175,109,195,10,133,84,40,177,146,136,196,198,182,91,104,176,51,115,125,128,28,22,93,71,135,12,95,154,185,152,148,3,90,8,138,45,94,129,92,144,150,86,159,32,188,171,5,89,34,78,140,172,120,98,73,126,72,33,141,119,102,173,137,19,166,87,38,194,60,103,100,107,1,180,37,118,7,127,139,178,174,88,63,105,117,151,59,111,142,132,155,160,169,4,79,77,21,82,56,13,39,41,27,106,143,9,85,15,157,112,55,53,20,164,124,179,31,193,14,16,153,163,96,145,99,43,46,47,68,11,76,186,44,6,113,149,57,52,156,70,42,26,24,17,54,83,101,30,61,184,97,108,189,18,81,131,66,191,122,49,67,168,192,170,181,50,62,110,25,121,74,167,23,36,29,0,183,162,199,35,134,147,64,197"
t1_0444,949780,"168,166,159,82,0,100,31,182,91,3,141,23,17,28,35,83,41,52,137,185,32,92,126,98,89,80,164,120,113,173,132,46,140,37,133,194,42,24,5,172,196,170,161,150,162,151,138,77,193,192,72,115,177,47,64,94,110,84,44,175,67,76,12,36,106,45,119,34,181,104,153,105,124,69,90,99,61,20,157,189,65,73,93,179,146,136,190,178,95,199,195,26,122,127,40,145,16,103,59,109,187,144,19,86,155,174,198,117,176,191,29,180,62,128,6,154,101,9,81,171,108,66,149,97,114,111,15,88,143,25,163,147,49,188,57,169,184,55,134,78,56,13,11,8,152,22,68,160,139,183,50,158,18,186,2,156,85,43,107,118,197,125,30,54,51,27,75,58,4,165,39,148,70,131,21,116,53,79,63,123,121,102,33,38,1,96,10,87,48,129,7,14,130,135,74,71,60,167,142,112"
t1_0445,938881,"80,75,110,17,48,120,32,175,117,174,68,149,123,178,51,164,159,180,31,53,189,56,21,118,71,29,84,18,111,177,116,65,28,163,5,4,69,186,170,168,173,70,119,134,187,55,115,127,132,169,150,104,136,128,98,138,60,109,166,167,1,194,49,2,96,24,171,141,86,37,59,199,107,76,61,63,27,152,176,139,165,67,50,181,19,23,156,121,151,66,103,155,62,9,20,143,131,160,64,99,79,144,47,90,196,43,83,154,188,92,30,45,162,87,108,105,195,42,147,137,135,133,34,14,172,146,11,179,158,40,57,100,153,38,95,97,54,35,25,44,185,85,113,22,26,193,182,3,191,16,73,102,82,36,198,0,140,183,33,8,72,89,106,88,78,39,81,145,129,15,6,74,112,114,124,190,101,58,126,13,77,130,192,46,94,184,125,7,10,91,93,41,142,197,161,122,52,12,148,157"
t1_0446,965413,"103,149,162,138,60,67,139,1,65,115,133,8,191,24,52,111,154,176,174,108,153,88,186,81,129,100,101,30,40,142,54,26,11,173,51,145,120,63,198,182,105,118,36,27,160,29,156,170,194,124,161,37,99,121,3,140,41,114,32,76,16,179,164,79,5,132,91,143,148,94,171,123,0,184,177,95,192,181,56,146,130,109,92,197,66,175,77,89,86,116,151,102,39,90,180,157,112,134,53,93,110,44,12,83,126,172,106,119,33,45,70,21,147,169,141,158,48,131,62,178,43,74,136,165,25,168,195,31,155,183,9,14,50,163,75,167,122,117,96,59,22,42,61,135,57,2,125,34,73,18,46,127,113,97,72,104,185,4,49,196,71,68,78,166,10,38,7,20,199,55,19,128,189,28,80,17,85,190,82,98,69,159,144,137,6,152,84,35,150,15,187,47,193,188,13,107,64,23,58,87"
t1_0447,948328,"104,71,89,101,190,86,114,4,170,156,138,56,14,117,32,146,112,69,131,51,136,91,83,115,178,195,118,185,63,141,134,103,198,194,39,15,58,88,151,99,153,67,57,93,46,29,6,73,68,105,189,108,9,17,50,174,143,164,85,92,130,126,120,168,28,111,152,123,142,182,37,16,31,47,5,113,20,133,181,75,135,157,119,128,81,13,100,186,110,162,95,121,127,41,140,36,147,62,79,172,43,150,139,1,12,87,55,40,27,80,188,49,175,196,7,98,2,26,137,191,22,154,184,145,166,23,155,192,167,102,33,11,144,109,84,74,52,177,77,70,65,35,125,82,19,64,0,193,149,159,171,173,163,59,124,78,94,24,54,161,18,38,187,116,199,160,106,183,53,34,197,45,179,107,148,60,169,122,44,3,97,129,42,10,48,21,8,132,96,72,176,25,66,165,61,180,90,30,76,158"
t1_0448,947756,"126,111,57,60,80,8,30,100,169,142,153,181,108,120,152,119,197,124,114,70,189,10,50,174,177,1,54,89,67,128,27,151,73,138,157,167,150,156,183,37,176,192,104,28,160,4,76,184,109,195,188,173,5,20,99,6,135,154,97,43,11,103,113,65,26,32,85,77,90,95,127,106,178,21,110,46,15,47,101,49,164,55,18,14,35,63,196,24,125,145,39,140,25,131,191,141,75,166,149,71,13,172,62,186,194,36,0,66,83,51,146,185,133,22,129,139,33,118,59,165,23,9,187,175,93,40,16,92,122,91,42,45,132,199,190,180,38,198,29,170,98,121,17,182,136,161,53,137,84,58,2,193,94,159,148,171,56,102,61,112,48,44,79,116,163,105,69,78,7,64,34,107,86,3,143,147,123,41,52,81,31,168,117,158,88,74,144,82,134,130,155,179,12,115,96,72,19,68,87,162"
t1_0449,923458,"174,153,163,9,130,168,167,25,12,10,98,128,97,18,14,182,107,155,103,196,88,2,137,147,111,123,166,50,3,199,24,120,152,61,78,85,161,41,115,91,42,142,181,99,179,139,141,58,112,43,175,159,150,173,191,76,171,32,0,100,132,77,45,95,148,36,11,180,67,84,87,51,35,30,190,49,158,75,59,81,26,94,134,162,4,71,27,151,101,31,1,146,68,56,15,119,106,164,92,47,52,187,138,29,6,39,33,40,79,19,104,121,28,17,126,21,117,193,116,135,102,64,114,23,57,198,66,48,124,189,185,108,65,60,89,16,156,194,37,133,13,140,172,177,90,143,69,125,7,96,93,131,83,149,34,144,157,73,109,188,160,82,80,62,53,20,170,70,46,72,154,63,5,127,113,105,44,178,145,38,22,165,55,136,110,176,195,169,86,183,129,186,122,74,118,197,54,8,184,192"
t1_0450,917566,"125,150,6,90,40,27,171,92,51,138,149,88,151,118,130,166,123,81,3,173,99,101,79,33,36,26,29,153,41,67,190,37,121,136,155,147,111,24,175,85,91,174,1,47,116,89,87,14,32,0,84,102,20,25,107,105,172,75,180,195,60,196,38,152,128,122,164,55,146,129,115,168,158,77,52,144,12,170,59,191,192,46,63,142,35,141,97,114,58,22,68,39,189,186,198,23,156,140,135,43,137,112,163,11,179,18,98,53,95,134,119,148,181,109,82,69,154,185,131,4,120,169,193,110,199,49,16,28,2,177,183,86,57,143,17,160,62,42,76,56,72,73,139,184,106,182,161,9,167,78,61,188,127,176,50,70,83,30,31,178,133,197,13,66,117,165,159,44,124,103,34,94,65,48,132,74,80,162,10,157,71,108,45,93,187,145,64,7,8,100,126,15,96,113,104,5,54,21,194,19" 
t1_0331,247012,"86,71,12,98,13,55,66,19,11,60,48,36,39,53,6,38,84,51,75,79,1,9,76,82,63,88,29,77,5,91,0,16,99,62,18,30,40,83,95,57,25,70,45,74,17,44,90,22,41,24,93,23,67,10,56,15,49,14,43,52,8,26,69,27,87,2,21,59,20,92,50,64,47,65,7,61,28,32,72,31,96,35,37,42,58,80,54,33,97,34,73,89,68,81,85,94,3,78,4,46"
t1_0332,241956,"99,78,60,9,91,49,58,22,19,13,41,15,97,80,68,57,48,32,18,77,7,86,27,35,45,94,39,8,10,28,89,66,76,82,93,40,43,90,46,69,52,33,29,2,92,88,36,73,62,11,54,21,74,31,23,98,47,71,70,61,6,25,81,75,3,4,1,38,87,34,20,96,37,67,56,55,16,12,59,0,83,5,72,14,84,65,50,30,79,63,51,53,26,24,85,42,64,95,17,44"
t1_0333,250587,"27,34,20,31,82,47,73,11,72,68,52,22,80,12,83,56,29,0,57,41,4,84,46,67,28,85,33,74,25,65,15,37,53,69,18,75,94,59,64,30,5,89,97,61,19,81,62,21,90,38,91,26,45,87,32,2,42,98,10,36,23,66,6,7,95,60,88,44,13,1,3,51,9,77,58,16,78,40,71,14,39,35,54,50,79,43,70,93,99,76,48,17,24,55,92,86,63,96,8,49"
t1_0334,258756,"57,98,55,66,42,86,54,99,94,91,45,93,8,15,4,30,17,97,58,25,69,11,78,81,47,87,37,6,56,79,0,59,31,24,50,63,52,40,76,32,77,22,67,71,7,72,41,14,43,82,64,53,23,51,89,84,62,92,18,13,27,60,44,5,90,88,26,35,10,21,95,38,65,12,29,48,2,85,3,19,80,73,20,34,16,36,46,70,96,28,61,33,49,39,83,9,75,74,1,68"
t1_0335,252421,"11,4,35,32,45,59,15,71,9,96,27,89,5,65,34,80,40,55,58,20,3,75,99,44,76,46,1,10,74,22,18,81,66,43,83,84,90,72,67,86,37,23,97,78,21,38,42,19,79,25,63,70,36,47,93,54,26,48,88,31,39,95,24,16,30,17,64,8,61,0,12,73,53,50,6,29,52,60,82,94,62,51,85,14,91,33,77,98,68,7,13,69,2,56,92,41,49,57,87,28"
t1_0336,253588,"45,25,58,83,53,47,1,10,6,69,2,44,66,28,18,87,73,30,78,32,43,71,3,63,55,15,90,85,93,42,95,5,0,38,20,36,16,29,76,4,26,97,40,70,56,46,52,22,62,41,54,34,65,13,51,98,74,81,60,91,21,31,49,77,11,96,89,23,7,50,35,68,92,19,64,80,59,94,9,61,84,27,33,48,99,8,72,24,14,88,86,79,12,67,82,57,75,39,37,17"
t1_0337,255949,"96,81,11,97,16,4,77,94,52,79,24,28,76,49,80,21,55,86,99,40,32,78,22,33,57,46,7,44,6,85,38,95,87,50,53,71,25,39,0,70,27,59,34,42,30,17,14,20,75,60,3,10,65,63,64,29,68,43,58,56,98,72,66,91,84,74,69,8,48,47,93,2,45,15,62,61,83,90,92,36,9,12,37,23,1,31,82,73,41,26,19,88,54,18,35,51,13,5,89,67"
t1_0338,251330,"54,51,71,89,4,5,56,6,48,18,0,55,38,83,78,32,74,17,98,25,72,1,3,84,59,82,90,35,44,52,15,14,60,80,40,70,61,41,22,69,24,96,50,47,36,30,23,39,53,26,49,86,19,16,77,66,63,73,45,88,99,65,87,13,20,79,94,28,76,2,92,29,33,68,81,75,9,12,11,46,42,7,21,64,97,10,37,91,95,85,8,58,62,27,57,31,93,34,67,43"
t1_0339,246665,"8,69,50,71,35,55,47,23,99,52,0,95,42,79,72,84,75,73,68,67,63,5,90,16,10,24,11,81,40,65,66,83,32,33,21,7,89,53,4,18,45,1,48,34,28,17,51,94,97,6,60,13,78,54,36,27,49,57,87,85,56,93,43,30,58,61,62,74,86,41,9,37,80,15,77,29,38,82,14,31,44,39,92,26,3,96,88,20,25,70,98,59,19,91,64,22,12,46,76,2"
t1_0340,262023,"80,18,82,32,20,5,94,11,83,27,17,9,99,57,92,31,15,49,48,43,81,96,7,52,75,66,37,70,29,35,46,34,39,65,50,1,21,98,0,8,62,90,30,59,76,16,55,44,84,42,63,33,64,56,77,93,78,41,54,87,24,6,85,73,47,72,88,10,69,22,68,26,23,89,91,71,12,97,53,60,2,61,67,45,38,40,86,51,79,19,13,36,95,74,28,25,3,4,14,58"
t1_0341,250563,"14,85,75,38,24,37,80,74,50,11,2,36,53,83,65,59,28,6,55,25,9,49,60,72,64,29,92,5,98,12,21,46,39,34,61,89,15,30,90,45,77,51,81,69,7,48,18,26,58,3,17,79,82,35,70,22,76,31,66,62,52,68,42,97,27,54,95,63,1,78,57,84,20,23,43,32,47,4,13,41,56,87,10,0,99,16,73,8,67,86,40,94,96,33,91,88,19,93,71,44"
t1_0342,248998,"84,12,23,2,56,87,80,44,11,55,36,34,57,99,69,42,3,77,75,37,19,98,43,40,71,48,9,22,58,82,46,90,35,33,32,66,13,49,4,73,31,63,30,60,16,62,67,47,85,39,68,45,7,93,24,72,64,61,86,10,78,17,8,79,94,6,59,65,81,28,26,88,25,41,51,76,92,27,18,96,21,0,15,74,83,20,95,50,97,52,5,38,89,70,53,54,1,14,29,91"
t1_0343,248125,"7,61,39,74,62,9,72,0,78,86,68,96,30,24,15,58,40,87,28,94,89,51,99,11,33,19,75,2,25,85,1,13,69,76,31,8,27,91,21,60,98,82,73,47,52,56,5,26,80,53,16,45,95,79,88,65,54,12,92,20,35,64,49,71,57,22,97,90,70,14,63,84,4,37,23,93,67,50,43,59,29,44,41,83,36,48,81,32,77,17,55,6,38,66,42,3,10,18,34,46"
t1_0344,251318,"20,64,86,76,60,31,94,62,77,46,16,22,82,65,15,8,92,0,75,89,81,73,79,74,91,47,7,43,83,27,57,25,29,39,3,35,40,93,19,67,54,4,72,68,78,21,24,36,88,9,10,99,63,58,55,61,38,87,11,41,80,85,50,30,33,95,97,23,5,49,37,26,59,66,2,53,17,84,32,45,13,48,70,12,14,1,52,6,90,34,56,96,42,28,69,44,51,98,18,71"
t1_0345,254675,"21,50,37,55,42,86,98,34,85,36,51,89,74,95,30,82,24,65,23,93,18,80,40,91,17,59,79,11,96,97,16,28,88,7,67,14,22,43,25,3,76,8,77,39,0,13,69,81,20,12,87,99,44,33,31,48,62,29,10,64,38,47,6,68,52,5,54,19,27,53,94,61,60,92,72,73,26,78,46,63,75,4,2,70,58,49,41,66,71,32,35,56,15,84,57,1,83,90,9,45"
t1_0346,256009,"29,16,93,11,30,91,41,88,84,96,99,21,46,0,89,10,50,8,34,17,42,23,85,9,98,3,44,95,63,51,77,94,87,58,75,35,69,47,36,97,4,48,82,27,90,79,81,18,6,39,31,59,80,70,40,14,76,12,62,43,7,24,64,33,45,13,92,72,73,55,74,38,65,22,49,52,25,20,66,19,28,71,1,86,54,5,68,57,61,15,32,53,37,60,67,56,2,26,78,83"
t1_0347,250414,"71,55,56,23,51,98,45,42,46,26,15,62,54,2,65,70,83,18,25,68,10,93,78,19,21,40,29,41,22,20,16,96,88,4,67,76,1,84,95,99,8,94,13,89,74,5,52,43,31,6,37,36,79,61,9,53,3,0,90,35,69,48,49,47,59,92,81,63,7,86,57,64,72,24,28,12,27,73,87,32,34,58,44,80,60,11,30,17,39,14,82,38,85,77,66,33,75,91,97,50"
t1_0348,253868,"23,97,89,43,31,98,19,59,92,6,1,27,94,99,85,38,30,49,93,52,72,56,95,75,91,5,74,88,66,57,24,4,7,55,47,77,8,0,11,82,86,12,28,58,87,83,78,73,65,16,3,17,22,96,90,62,37,39,84,21,44,61,80,13,81,15,29,20,68,25,32,48,51,79,50,9,36,33,76,64,14,18,42,69,71,70,45,35,67,2,46,41,10,54,40,53,60,63,26,34"
t1_0349,260406,"14,70,86,78,12,63,94,24,56,42,44,2,40,85,17,93,33,21,27,50,22,74,73,91,92,71,97,49,23,59,34,75,31,83,67,36,58,47,41,1,43,25,69,7,95,48,60,8,90,76,99,38,18,72,65,52,89,37,9,61,29,84,13,96,39,66,79,57,55,20,98,15,0,46,77,80,62,68,87,30,35,6,64,28,11,45,53,82,5,16,81,26,51,3,4,54,32,10,88,19"
t1_0350,257356,"24,22,97,21,27,49,91,61,7,46,72,96,1,57,78,42,53,98,51,38,35,28,59,50,75,17,34,99,79,4,69,3,37,93,32,95,77,25,12,14,90,87,88,13,76,41,26,92,89,9,36,54,30,63,0,67,11,52,68,39,16,65,73,58,47,56,43,10,66,62,5,33,85,48,23,55,31,71,2,74,70,20,44,19,6,86,40,84,8,83,45,81,64,94,18,60,80,29,15,82"
t1_0351,255259,"38,97,61,49,84,58,55,64,34,62,48,15,12,68,72,47,7,92,78,53,86,65,87,73,5,23,29,83,81,32,71,69,88,50,94,46,99,91,70,74,19,28,11,95,16,67,20,1,31,51,56,41,39,75,44,57,21,17,26,33,85,59,22,60,82,98,43,76,54,2,93,27,96,52,77,3,6,36,30,24,66,4,25,18,45,35,79,37,80,8,14,10,40,13,9,0,63,90,89,42"
t1_0352,251351,"26,39,44,68,54,34,32,18,5,60,46,9,80,10,59,19,79,25,53,92,24,75,74,30,88,89,82,12,56,71,97,2,85,76,48,38,91,65,42,22,49,3,40,99,45,41,96,83,63,29,36,27,93,21,98,73,72,33,52,86,70,50,57,28,90,31,84,95,17,69,64,7,47,23,35,6,15,4,62,43,58,20,37,0,66,81,11,55,67,1,61,87,78,14,13,51,94,8,16,77"
t1_0353,252426,"16,93,92,74,6,57,80,75,46,32,96,12,22,66,91,86,3,37,52,43,26,67,68,24,55,70,35,69,29,60,49,82,2,40,83,97,11,51,31,19,36,5,33,81,63,58,89,71,50,94,54,10,76,77,65,9,62,1,73,95,21,8,45,7,87,84,47,72,99,25,13,18,59,79,30,38,34,88,17,53,98,4,90,85,78,15,14,64,28,42,56,20,61,48,39,44,41,23,0,27"
t1_0354,254014,"18,91,25,61,50,9,80,63,99,76,11,54,39,37,43,62,46,2,58,36,15,73,81,20,0,52,42,86,16,49,5,31,38,1,94,85,64,82,32,68,88,30,6,33,45,47,27,21,17,55,4,14,53,26,40,93,83,41,56,79,97,48,8,3,74,29,35,23,96,69,75,77,7,87,70,57,78,71,10,67,19,28,22,60,13,84,34,12,66,72,24,51,95,98,90,92,65,59,89,44"
t1_0355,253942,"33,56,88,45,63,17,32,71,19,65,82,81,47,25,27,90,11,23,76,15,69,41,84,91,44,60,51,79,43,61,12,29,98,21,80,58,39,24,40,10,36,93,16,97,96,74,42,9,64,1,26,77,73,85,37,78,13,75,18,38,48,52,31,53,14,70,55,30,50,2,8,72,92,68,28,59,34,46,20,0,95,89,83,87,62,99,35,86,94,5,54,49,66,22,67,7,6,3,4,57"
t1_0356,259147,"29,0,7,32,88,53,72,17,76,14,61,15,82,43,54,16,87,96,90,62,63,86,25,46,38,36,89,4,45,13,11,23,33,42,28,73,6,10,30,55,81,78,35,98,31,21,64,2,51,41,79,65,37,74,40,83,19,24,92,18,50,91,49,20,60,27,52,26,3,94,67,9,85,34,69,12,66,80,8,75,77,5,84,39,56,95,71,70,44,1,48,57,93,59,97,47,99,22,68,58"
t1_0357,254081,"87,17,96,77,5,19,0,72,1,41,62,45,24,78,53,99,51,79,33,74,32,65,61,85,9,34,30,60,8,84,11,27,59,7,44,83,47,21,20,3,49,56,88,66,91,2,31,42,55,29,14,37,23,36,90,70,92,35,69,93,22,95,18,57,39,25,64,48,75,15,71,98,43,38,54,40,13,6,82,10,97,68,73,67,81,89,16,50,86,63,4,80,58,94,76,52,12,28,26,46"
t1_0358,248157,"72,92,42,94,97,40,9,93,48,14,50,70,71,24,15,60,88,2,69,32,66,75,20,82,22,30,10,21,33,0,79,41,74,36,46,18,57,43,67,83,11,19,5,16,68,89,62,80,28,96,81,61,90,65,56,31,64,76,78,99,84,47,39,23,3,38,17,53,95,29,44,86,63,59,25,51,12,26,4,27,73,6,52,7,49,77,87,58,55,1,8,34,85,98,45,13,91,35,37,54"
t1_0359,251315,"23,1,43,13,96,4,70,12,65,85,39,46,97,81,66,86,63,84,82,35,29,8,19,17,61,92,38,48,16,60,89,99,80,54,87,64,0,15,6,10,31,5,69,32,42,3,94,98,37,71,44,40,67,68,62,95,93,83,76,20,52,26,18,55,33,58,57,73,51,24,45,74,21,50,56,2,79,72,11,88,34,25,75,7,90,59,47,91,27,22,49,28,78,9,14,30,36,77,41,53"
t1_0360,248552,"99,48,98,74,68,13,65,56,37,7,34,5,27,4,66,43,10,51,89,82,78,83,29,20,41,55,40,3,46,0,31,90,11,32,50,70,28,57,2,16,14,62,8,87,81,45,97,86,64,44,22,72,93,15,96,91,12,85,42,17,79,23,24,30,36,52,54,84,63,69,77,92,71,75,67,19,73,88,21,60,1,80,49,59,6,25,47,18,26,39,58,76,35,33,94,95,61,9,53,38"
t1_0451,979168,"143,36,31,137,108,146,156,70,0,144,48,174,44,6,39,62,82,133,16,81,114,186,140,96,40,25,184,63,199,59,135,85,155,102,142,157,189,30,164,148,136,34,45,53,38,139,80,23,58,169,162,195,10,132,118,123,17,107,11,94,147,172,178,93,78,84,29,153,79,54,167,89,8,32,194,50,72,100,75,187,192,56,141,3,24,127,134,170,12,86,188,197,97,87,41,60,111,116,109,163,117,5,76,49,122,179,71,65,131,22,125,68,119,27,180,18,77,2,33,14,166,20,113,196,66,99,160,51,129,198,154,124,120,159,176,46,69,185,138,112,55,101,151,173,190,43,57,193,73,28,15,115,95,152,35,110,191,150,9,145,19,13,105,168,74,104,181,106,175,37,61,165,177,4,21,158,121,103,52,92,182,126,149,83,42,47,171,67,128,1,183,161,130,91,7,26,98,88,64,90"
t1_0452,987562,"82,85,0,22,65,143,195,102,135,83,99,131,182,151,142,197,33,167,155,67,125,180,29,71,20,37,62,169,154,110,177,127,55,144,64,52,8,162,11,3,31,133,38,188,174,138,73,14,163,42,7,90,137,103,122,175,4,152,165,28,94,106,79,70,92,186,166,178,34,19,157,45,54,39,21,63,196,48,27,44,13,190,105,193,132,24,35,136,158,172,130,10,69,124,25,60,176,77,58,116,93,118,88,84,46,160,149,126,43,32,97,185,96,120,50,61,139,170,95,40,150,5,100,17,164,192,117,113,111,89,115,168,108,2,78,15,159,148,80,87,81,86,91,16,72,114,121,123,198,184,36,75,98,129,146,47,1,147,23,199,66,141,119,6,53,56,109,134,104,18,30,153,101,49,9,128,68,183,189,57,140,26,41,171,51,76,145,12,194,187,173,74,156,191,112,181,179,107,161,59"
t1_0453,995996,"142,39,53,45,196,3,77,119,182,14,115,28,35,75,29,93,181,76,144,9,42,17,128,37,19,83,82,73,161,136,121,95,6,7,71,178,147,151,5,90,113,138,41,4,16,107,191,163,20,78,11,171,46,132,186,24,187,162,70,69,26,155,23,175,125,156,56,180,81,190,129,27,152,49,94,183,154,145,91,149,50,108,117,10,64,153,61,2,33,133,97,150,67,172,159,120,87,124,130,148,1,40,65,15,55,169,137,114,59,126,111,52,103,185,164,199,176,21,51,30,85,198,131,99,13,100,141,146,74,157,177,192,54,8,174,135,106,189,68,160,197,167,165,48,0,92,193,36,72,86,179,32,63,118,12,34,22,143,104,140,139,110,96,184,31,168,127,88,134,80,173,101,66,57,60,25,116,47,18,170,166,105,188,158,195,62,58,89,44,123,122,109,102,112,79,98,38,84,194,43"
t1_0454,969227,"29,96,170,51,92,91,80,169,13,123,197,140,54,182,121,102,76,192,39,18,42,8,21,22,157,47,198,35,67,115,114,0,68,142,120,166,167,184,41,116,25,100,138,27,66,19,165,132,131,52,136,32,153,60,43,161,160,2,103,181,144,46,64,53,189,139,126,89,1,133,78,196,56,163,69,26,4,146,113,105,40,38,9,30,180,193,31,94,93,70,145,179,49,194,186,79,84,23,164,10,177,24,101,11,190,110,45,199,109,55,98,85,159,63,61,72,155,187,150,71,14,168,5,106,86,188,7,95,65,81,171,111,127,17,143,104,57,74,148,117,34,12,122,58,83,175,147,162,20,195,37,44,3,151,88,73,107,28,99,16,185,118,176,15,59,149,154,33,129,135,90,62,75,82,173,191,36,137,77,134,178,125,87,108,128,158,50,172,141,156,119,174,183,112,124,48,97,152,6,130"
t1_0455,996575,"183,66,100,186,195,177,58,179,39,85,6,173,156,54,38,88,184,16,111,134,2,185,150,49,37,9,103,109,46,153,89,152,78,168,24,157,138,76,124,70,30,34,80,62,122,52,139,8,91,72,7,60,164,63,83,171,11,31,94,187,174,148,28,131,133,121,21,64,50,56,73,181,105,112,10,84,25,144,154,107,65,119,197,68,41,75,116,159,143,141,170,13,87,128,43,190,191,79,110,15,104,146,23,151,22,96,74,44,166,167,129,69,32,5,115,90,98,29,180,172,117,182,40,126,169,192,199,33,149,101,36,132,196,189,3,113,163,99,155,178,198,45,4,120,53,147,118,55,140,26,193,67,123,135,59,81,61,145,19,142,106,57,161,86,108,194,51,17,92,18,93,12,27,97,48,42,176,102,162,137,114,77,95,127,136,35,20,130,14,1,71,158,125,160,188,165,0,47,175,82"
t1_0456,972517,"159,111,113,49,85,130,172,34,98,160,72,193,27,184,4,125,191,187,138,181,54,18,94,61,156,115,7,81,148,112,78,108,23,9,42,166,37,142,93,195,16,74,68,79,116,47,91,103,190,147,80,35,106,197,144,15,117,114,164,198,126,174,169,127,185,70,104,135,100,76,176,137,129,189,28,183,82,52,14,39,121,179,97,46,89,60,55,83,90,45,2,67,19,188,57,105,180,192,123,20,10,69,119,132,29,182,48,194,31,38,66,5,17,157,43,177,196,30,199,133,99,92,167,13,33,141,40,109,53,88,1,161,36,150,140,158,73,63,95,26,146,145,41,101,120,64,51,22,32,128,50,58,162,71,56,24,118,75,151,84,65,153,155,124,136,122,168,165,163,102,59,175,171,6,134,173,149,8,44,186,152,21,143,86,107,170,178,87,110,62,77,96,25,11,131,139,154,0,3,12"
t1_0457,979772,"192,189,149,182,3,55,102,173,129,61,159,63,46,162,128,69,96,179,134,160,83,49,77,5,148,175,81,178,143,44,174,23,79,86,106,126,164,57,88,108,135,141,72,19,22,68,112,147,109,92,156,155,1,166,51,140,34,98,76,113,101,107,165,6,153,110,103,193,75,99,138,169,132,145,142,104,95,25,167,31,11,85,41,171,89,16,20,197,32,67,0,90,137,133,115,74,56,17,127,136,91,10,157,94,39,42,7,185,87,184,12,161,152,26,48,172,154,40,122,58,29,8,80,64,54,33,114,35,65,183,2,124,177,97,187,14,15,100,150,66,59,146,180,121,139,119,43,53,131,170,158,27,120,47,130,111,30,50,198,191,144,151,38,93,176,117,181,70,9,28,194,190,105,13,116,18,125,168,163,118,45,195,21,199,188,52,82,36,73,71,60,196,186,4,24,78,123,37,62,84"
t1_0458,982831,"58,11,60,144,174,192,25,156,10,146,182,122,104,1,77,194,87,17,20,112,89,22,134,175,147,0,189,149,193,21,180,127,69,130,108,93,161,71,24,16,54,7,9,162,47,124,94,67,91,42,19,190,151,163,102,14,66,117,114,195,184,171,78,159,199,113,28,136,123,68,120,96,173,158,168,143,128,26,61,73,179,84,155,55,145,18,90,85,2,43,12,172,36,188,56,92,65,109,138,142,157,45,33,111,140,37,80,88,8,29,83,70,6,100,119,196,132,164,13,81,44,82,178,40,49,141,52,177,39,186,32,106,103,57,97,59,166,148,139,116,3,48,165,167,126,169,72,152,197,98,105,125,51,181,160,131,46,133,191,129,5,23,64,79,4,121,137,185,30,170,50,135,41,153,35,34,15,38,74,154,150,118,176,115,31,183,62,99,53,86,198,187,110,95,27,101,75,63,76,107"
t1_0459,949016,"167,156,107,144,87,182,29,100,134,20,78,191,143,72,154,75,44,11,153,109,177,69,2,66,90,55,173,17,18,113,36,123,128,79,82,5,22,33,194,192,19,25,46,77,28,95,67,138,99,70,199,135,163,133,145,42,86,106,71,117,158,118,168,56,137,165,108,63,88,96,178,160,132,89,195,37,189,47,155,140,4,166,159,112,31,10,1,101,171,185,53,84,169,59,162,93,122,115,190,124,197,9,151,193,149,187,49,14,175,39,35,148,6,174,172,196,179,30,116,73,104,83,15,97,92,125,7,130,114,152,126,184,23,147,21,127,81,8,103,120,170,57,157,50,150,183,24,64,139,181,52,85,121,27,43,91,198,68,141,58,111,40,38,16,176,76,186,110,0,60,164,13,3,26,74,54,94,12,102,180,98,34,45,119,32,146,80,41,142,65,136,62,131,61,161,105,129,51,48,188"
t1_0460,988333,"22,122,189,50,72,15,66,121,146,82,117,78,9,177,74,169,79,17,171,86,162,163,84,33,110,195,0,14,28,135,187,157,23,6,106,128,145,114,136,179,193,75,68,97,148,109,165,88,191,155,147,26,178,99,158,142,87,180,16,141,58,55,174,151,160,52,31,138,182,186,10,95,41,71,105,48,188,76,38,40,192,130,45,98,127,29,2,111,62,102,134,43,170,81,30,133,77,143,32,184,54,11,129,115,89,4,125,46,25,175,36,47,39,1,194,42,103,149,131,21,37,34,161,44,8,19,61,13,172,120,190,83,181,108,27,100,67,85,112,144,150,156,5,91,56,64,96,137,126,183,152,101,107,49,116,24,197,119,176,185,168,123,7,164,92,199,80,53,18,173,20,57,69,51,118,3,59,94,104,60,139,65,140,196,63,124,113,159,90,93,198,167,132,166,154,73,12,153,70,35"
t1_0461,999042,"2,84,139,59,58,68,197,155,90,149,165,83,48,31,116,15,122,38,100,88,169,129,94,178,102,160,194,55,32,41,29,49,144,66,7,71,62,164,11,187,70,125,161,176,175,186,170,85,110,127,35,190,33,168,22,75,184,188,101,142,113,37,34,120,157,6,131,96,81,82,156,39,109,163,21,189,44,40,137,147,196,99,105,115,56,180,63,104,3,111,43,162,12,69,118,114,132,8,148,182,47,198,64,103,27,124,36,192,154,77,133,108,45,78,52,10,179,107,20,24,5,119,121,181,87,130,141,67,50,167,93,46,128,193,97,18,30,16,106,146,191,135,123,13,166,19,61,60,151,98,174,183,65,53,73,117,54,25,14,138,74,80,23,150,28,17,153,112,9,171,136,159,145,158,185,140,4,195,177,42,95,89,26,72,199,91,1,76,0,79,86,134,92,143,173,51,172,126,57,152"
t1_0462,973000,"26,186,93,194,166,63,88,55,17,191,77,12,177,84,99,39,125,50,74,40,146,82,70,161,18,143,118,49,72,100,64,111,86,148,37,127,16,19,154,178,134,29,171,45,53,184,54,172,32,6,89,43,20,51,7,160,162,128,1,183,81,4,145,98,46,42,174,158,140,109,139,113,112,165,27,108,79,62,33,80,156,193,198,182,180,159,95,15,103,163,106,24,38,58,170,117,130,196,96,36,66,56,195,144,142,124,71,190,5,138,181,167,187,175,30,147,2,151,22,34,101,188,90,73,35,185,197,44,57,97,155,25,9,85,126,136,107,0,135,179,47,91,8,116,28,78,59,75,48,122,83,121,10,65,3,13,60,102,133,150,141,110,157,11,105,94,189,192,152,137,87,164,31,21,114,120,61,153,176,67,168,52,119,123,92,149,115,23,169,131,173,132,14,41,104,69,129,76,199,68"
t1_0463,966403,"183,28,82,27,45,182,123,73,63,136,179,174,196,161,128,59,111,173,135,50,101,126,158,49,78,93,21,95,162,168,170,42,181,188,114,165,8,29,92,107,139,39,113,157,115,152,9,149,167,90,65,66,52,177,118,33,156,110,138,91,194,125,41,7,58,150,99,10,159,191,5,129,104,19,83,103,13,38,87,20,4,2,171,190,97,62,31,85,18,17,109,192,26,98,53,160,72,176,44,146,86,186,121,187,102,116,124,0,23,56,178,142,35,11,89,16,133,197,141,34,54,96,79,172,112,144,88,134,94,127,155,12,47,70,84,61,180,68,122,153,6,46,175,195,117,130,81,22,185,163,164,193,132,184,75,76,106,43,37,57,120,74,32,51,189,169,166,30,147,60,77,148,15,108,137,105,143,36,198,80,140,67,71,151,3,40,119,69,154,48,199,24,55,14,145,64,25,100,131,1"
t1_0464,958372,"107,159,46,170,129,158,10,55,22,114,41,194,50,20,2,54,121,111,106,33,168,91,133,126,73,134,149,16,122,176,138,36,109,77,146,14,74,71,97,196,63,175,192,135,166,145,68,189,99,197,187,172,198,53,127,188,92,45,83,69,64,52,104,120,139,167,82,60,56,180,15,152,96,6,19,125,42,108,87,174,160,29,85,186,169,155,48,61,0,76,24,17,177,123,34,51,182,40,119,1,66,147,44,117,93,65,78,80,183,130,112,13,67,49,30,12,37,137,128,165,116,3,118,35,142,185,70,150,26,148,25,27,89,72,95,8,79,156,154,151,58,144,59,164,140,101,181,57,98,100,31,171,4,191,86,102,143,173,115,136,88,179,9,75,62,178,161,162,190,18,7,103,47,110,184,193,141,94,195,84,199,23,132,105,153,38,113,90,28,131,124,163,43,5,157,32,39,21,81,11"
t1_0465,980530,"84,83,111,6,74,165,191,79,140,52,63,182,57,21,139,143,22,54,78,29,49,195,91,64,72,107,10,44,38,128,160,147,94,48,30,168,109,2,175,121,46,98,192,129,69,42,127,90,40,35,118,27,163,43,176,36,155,39,150,190,138,159,180,196,16,188,113,61,31,198,154,126,75,162,125,19,177,110,88,18,81,149,13,141,60,146,67,1,4,157,122,187,0,76,164,145,194,85,103,87,82,68,148,5,23,185,133,173,132,97,56,199,73,101,41,17,86,135,142,93,186,106,172,123,95,47,66,193,153,33,92,174,59,156,184,77,179,115,58,71,169,15,55,8,28,99,14,183,50,102,96,120,151,65,130,178,26,166,124,114,189,62,137,167,32,12,119,3,181,161,34,152,80,116,53,134,158,117,112,20,25,105,51,170,11,45,70,131,144,108,7,9,104,24,136,37,89,171,197,100"
t1_0466,1002375,"25,39,193,130,175,76,97,9,109,51,94,161,151,134,95,99,26,84,43,183,68,55,158,184,194,127,129,111,79,7,22,11,165,160,154,174,66,198,199,125,108,126,14,73,186,150,196,21,12,67,62,20,177,101,93,149,120,107,142,188,80,132,179,171,59,139,56,143,136,1,180,106,144,167,30,32,140,23,163,44,138,192,63,46,169,3,57,52,45,105,31,189,146,178,50,145,164,4,121,102,115,195,133,187,48,181,64,157,69,159,71,131,182,16,38,6,27,170,113,75,87,54,168,82,110,2,100,153,141,58,162,41,70,29,176,96,34,47,18,90,15,103,88,185,147,28,77,104,191,152,172,155,49,197,33,112,37,24,190,156,83,85,137,65,91,36,128,92,173,148,98,10,61,72,116,118,135,124,119,122,74,123,166,42,53,35,81,5,117,114,8,78,17,89,19,40,13,86,0,60"
t1_0467,952458,"192,162,178,117,169,7,12,20,93,84,156,131,15,87,106,190,0,47,74,77,9,187,78,58,8,55,38,118,124,5,181,75,116,151,48,21,136,115,126,71,105,177,60,94,120,183,167,122,112,132,46,128,158,175,163,53,174,11,171,147,159,64,42,82,165,6,196,59,80,109,39,76,168,26,107,72,90,37,13,182,51,161,62,153,154,135,160,170,129,139,191,157,2,152,103,36,194,134,45,179,143,180,31,188,96,125,185,95,114,138,66,149,189,184,16,137,61,197,111,121,173,100,22,166,172,27,155,150,32,146,198,101,34,141,41,19,79,57,28,50,99,113,88,73,44,4,97,49,85,54,119,92,195,83,148,24,130,81,199,65,23,110,14,35,176,140,17,70,25,56,186,102,30,142,67,133,89,18,144,193,123,127,108,33,69,29,52,43,104,86,3,98,164,40,91,68,1,145,63,10"
t1_0468,984571,"29,78,118,20,174,69,92,49,66,80,94,5,68,188,128,43,117,194,71,148,4,3,175,44,46,169,119,16,163,149,17,126,74,131,12,173,125,1,104,83,24,145,162,65,179,187,127,11,45,23,157,73,27,164,160,134,138,112,192,193,51,7,33,155,129,111,103,114,139,55,108,70,47,40,54,9,133,72,13,14,197,182,176,199,171,185,189,183,124,67,63,32,76,107,31,170,158,153,15,144,37,90,154,184,56,130,123,142,122,60,6,102,84,168,39,180,10,52,86,140,26,59,61,167,95,77,136,38,2,100,161,165,190,110,135,41,143,101,152,151,196,198,195,120,141,116,89,132,98,109,97,177,36,178,8,79,121,137,96,113,48,53,99,82,106,25,87,42,28,156,172,58,50,191,35,186,88,181,18,147,91,115,146,85,159,57,81,75,21,0,30,166,19,105,64,93,62,150,22,34"
t1_0469,970730,"179,29,78,193,60,1,180,162,44,165,99,196,84,124,71,181,57,36,89,53,156,37,190,191,194,176,11,93,177,106,10,19,145,123,61,0,5,98,85,130,40,178,112,102,8,183,38,22,97,70,42,150,133,15,35,88,13,157,92,21,120,139,76,20,117,167,67,77,192,83,100,101,158,65,14,27,50,12,161,63,43,155,185,52,143,34,197,96,9,184,107,47,134,132,55,95,144,138,168,82,74,75,90,30,32,33,116,80,59,104,115,118,169,126,142,140,45,86,87,198,58,195,166,24,151,3,119,109,148,108,18,39,171,23,46,199,111,122,73,182,68,113,152,28,160,4,103,186,91,72,174,48,105,129,110,69,25,79,146,149,188,173,56,31,159,147,164,62,131,6,54,125,135,163,2,94,49,175,41,172,128,7,66,141,154,16,51,187,17,64,127,114,81,170,121,137,26,136,189,153"
t1_0470,980517,"196,194,10,155,20,9,159,45,41,68,107,6,16,169,125,96,90,72,161,32,78,101,112,11,114,171,102,83,79,181,124,44,98,85,53,145,30,42,100,170,52,97,59,15,91,22,146,47,82,183,108,142,60,55,122,39,46,67,191,185,167,1,19,157,187,119,69,144,129,133,154,118,176,137,76,74,26,58,173,104,123,35,198,17,158,27,139,92,29,43,172,150,164,84,113,111,103,180,61,66,143,31,135,136,162,147,168,51,141,5,138,99,195,25,12,152,65,57,23,140,34,130,134,126,128,2,28,177,80,94,56,40,21,7,190,199,71,93,109,189,120,132,166,148,127,81,89,50,54,24,184,75,64,36,86,179,151,95,116,182,110,37,186,73,117,178,0,115,165,131,121,156,49,62,14,38,174,193,4,106,153,8,149,33,188,163,3,13,48,87,197,63,160,105,192,77,88,175,70,18"
t1_0471,968623,"105,133,103,16,146,117,28,143,183,186,113,92,11,112,59,17,22,137,140,54,81,196,79,38,70,25,132,156,15,138,91,179,94,90,45,139,124,135,189,175,6,64,33,53,74,60,192,26,121,73,49,104,164,13,84,87,167,198,78,119,48,97,107,168,47,145,150,128,77,126,62,178,88,86,51,187,152,166,114,129,14,19,177,195,4,82,154,174,161,171,199,65,173,127,18,165,115,102,23,20,93,134,1,5,172,35,68,42,181,159,100,184,89,40,180,69,157,108,7,149,130,182,76,75,29,123,43,131,56,9,71,111,57,31,36,110,24,30,72,122,50,3,34,27,125,144,0,163,197,188,190,185,141,12,2,80,95,118,83,158,52,96,191,99,160,63,194,67,58,21,8,169,170,66,109,176,120,44,142,155,46,37,148,32,116,10,61,41,101,136,98,85,193,153,39,147,151,162,106,55"
t1_0472,977242,"190,13,43,6,188,117,182,164,95,29,101,69,10,198,189,41,141,147,36,196,197,106,137,166,140,20,8,54,32,161,18,14,122,115,144,68,103,9,125,39,107,181,76,81,82,53,48,4,151,179,26,38,19,23,47,154,145,7,184,12,163,150,111,71,73,170,0,51,143,199,96,93,40,192,185,63,180,108,52,132,178,79,136,128,72,139,85,112,57,3,118,45,46,109,75,105,129,142,27,88,33,168,127,116,50,156,34,25,65,22,84,158,186,120,157,24,123,183,133,67,17,37,113,175,194,94,35,162,104,97,66,124,152,171,174,146,131,149,100,83,160,87,5,167,98,11,74,77,78,70,31,169,15,59,80,1,138,58,21,99,2,187,110,126,64,193,60,89,153,56,30,42,90,55,86,102,61,62,130,165,173,49,121,114,16,134,155,159,176,177,172,28,195,135,148,92,119,191,44,91"
t1_0473,970106,"48,138,117,140,1,47,83,145,67,192,98,27,72,180,69,177,32,12,144,156,123,49,188,152,13,65,97,22,198,171,164,113,36,54,38,26,149,172,194,183,43,7,18,70,179,124,30,79,92,59,46,102,77,51,82,62,35,181,127,154,142,15,131,169,166,81,61,111,88,170,53,84,34,89,115,153,56,129,60,3,157,143,76,10,178,136,105,44,107,8,37,158,41,85,73,186,9,5,109,64,191,95,126,106,80,52,99,23,14,174,159,104,112,94,6,90,19,93,33,86,110,28,68,101,173,120,75,185,24,190,135,45,197,31,195,162,21,175,50,184,114,176,160,125,122,193,116,103,96,187,139,17,150,108,141,146,167,91,134,118,130,161,165,147,100,57,87,11,4,42,78,137,40,133,20,66,132,39,182,196,168,163,16,63,148,25,2,155,74,128,0,121,55,58,199,189,71,29,151,119"
t1_0474,979053,"15,132,102,0,170,72,56,182,42,87,41,16,8,23,188,191,47,177,49,144,166,197,165,64,129,108,109,80,194,157,175,60,55,13,75,65,39,24,137,59,62,28,89,126,67,160,196,100,58,135,138,86,104,134,2,181,76,88,141,151,115,156,118,92,174,183,189,193,4,153,190,1,187,127,152,35,74,117,147,52,113,136,143,36,142,12,34,57,68,7,69,79,146,111,192,61,82,133,38,180,63,186,25,5,167,31,173,103,107,78,155,45,94,90,178,114,161,140,85,93,95,44,43,37,198,154,131,98,27,116,125,20,121,176,21,33,159,29,6,11,30,14,106,171,81,145,112,91,179,105,97,32,54,18,164,195,148,120,162,22,122,53,119,99,50,40,46,110,130,19,169,128,96,73,101,51,123,48,66,168,3,83,71,9,149,185,10,84,184,70,124,150,139,172,158,17,26,199,163,77"
t1_0475,981072,"86,150,15,43,185,181,123,109,96,67,166,101,27,195,164,188,156,142,9,55,179,80,162,56,37,44,169,33,106,38,183,146,134,171,53,2,35,194,119,36,90,136,7,148,190,152,100,24,94,65,155,31,138,25,143,176,133,199,115,135,197,61,60,75,131,4,74,111,173,57,158,127,79,184,110,16,20,196,141,126,89,145,113,157,91,64,48,6,12,50,81,1,22,76,147,165,186,68,189,129,14,41,107,187,51,29,168,114,88,84,30,104,160,191,153,108,182,112,161,139,93,62,0,59,52,10,172,42,47,58,192,128,117,63,140,177,45,193,122,66,49,132,82,71,154,121,8,105,125,170,120,23,174,11,167,28,102,124,144,32,95,19,85,78,97,175,46,69,163,73,92,178,18,3,70,5,13,137,98,40,54,118,87,151,180,72,198,83,149,159,21,77,103,34,39,116,99,130,17,26"
t1_0476,971415,"73,125,12,83,29,172,182,166,193,55,175,56,111,169,133,68,180,177,167,43,163,59,104,118,84,174,161,8,13,99,11,69,170,90,23,165,42,21,10,107,120,196,98,187,92,142,178,39,106,156,41,150,152,130,46,26,126,94,179,91,116,4,192,131,20,136,60,117,15,93,51,168,137,122,183,145,9,49,0,153,25,102,109,47,52,199,72,30,97,50,1,164,87,16,158,188,105,123,184,38,53,89,44,144,176,110,71,147,28,37,64,160,35,181,2,154,121,173,33,62,198,141,101,96,6,112,113,66,139,194,129,7,80,34,100,140,48,138,127,17,19,74,24,143,151,119,32,146,76,195,36,185,128,78,85,67,149,95,40,134,157,115,31,61,57,58,27,81,18,159,108,70,54,63,103,148,155,79,189,45,162,124,5,135,77,86,132,3,14,65,191,75,197,186,22,88,82,190,171,114"
t1_0477,973967,"90,38,101,71,144,3,9,168,15,88,31,114,59,154,186,111,125,137,49,130,102,22,32,199,110,141,145,134,188,192,25,61,73,147,161,13,43,35,159,128,183,198,155,195,5,53,11,45,81,127,79,116,103,157,20,164,153,0,63,92,177,30,84,109,162,171,179,65,34,14,117,139,176,66,12,8,18,16,55,37,100,129,36,19,193,107,174,131,85,82,62,2,189,40,133,143,187,86,170,76,58,99,77,10,23,93,124,67,75,80,115,172,135,17,4,120,196,105,113,24,194,180,52,89,108,74,91,167,21,123,46,119,152,163,184,78,166,44,142,33,69,173,7,94,47,182,83,56,150,156,96,1,118,95,136,51,48,50,149,126,6,27,42,98,175,87,190,39,181,41,26,160,151,57,106,140,197,54,178,64,70,121,68,112,165,169,28,138,29,60,132,97,185,158,72,191,146,104,122,148"
t1_0478,968320,"174,191,164,135,196,81,93,111,146,120,89,88,37,50,194,169,13,188,5,117,65,96,161,34,180,176,144,155,70,66,140,142,71,64,184,14,148,118,109,115,47,172,198,175,49,181,108,29,103,192,8,173,189,97,107,162,157,166,90,102,18,94,42,21,28,33,125,67,31,153,130,23,7,124,41,197,79,17,160,158,100,126,12,165,45,69,61,27,56,62,19,121,186,177,2,106,9,54,80,86,0,110,43,15,4,190,151,75,6,112,1,40,25,52,91,24,87,73,145,123,74,156,199,182,138,141,159,104,95,183,132,98,78,99,44,154,127,11,85,3,60,58,136,116,36,150,57,68,20,10,171,179,163,149,193,195,143,46,39,77,119,134,122,113,32,170,92,76,137,152,59,35,147,105,131,22,48,51,101,128,178,53,139,185,16,187,133,26,72,82,167,63,114,30,38,84,168,129,83,55"
t1_0479,972480,"30,10,57,197,183,153,0,169,163,64,194,98,27,155,72,15,41,109,172,116,171,63,73,17,137,178,168,34,42,61,18,33,107,132,31,191,96,38,8,19,128,143,175,82,2,86,22,129,83,142,20,147,138,88,157,16,58,198,46,47,55,152,173,69,161,48,141,117,189,67,170,122,188,39,62,92,74,193,135,167,5,149,195,154,51,71,90,84,186,68,127,97,119,50,136,99,177,110,80,94,124,4,6,76,126,181,179,150,24,87,53,104,134,123,133,140,40,91,79,174,11,165,70,144,29,145,121,78,49,158,185,100,66,146,7,28,125,36,199,13,93,65,192,120,164,148,56,162,21,160,139,103,102,77,156,23,52,114,59,35,166,26,81,43,44,130,187,111,32,115,113,118,9,182,131,151,184,159,112,180,45,25,95,3,75,12,105,60,1,196,14,190,89,85,37,101,176,108,54,106"
t1_0480,964075,"139,19,77,147,112,71,161,192,154,79,91,187,76,24,158,188,3,143,17,127,174,184,57,35,23,195,41,178,136,121,46,28,73,181,128,25,49,151,62,56,153,167,60,146,171,150,113,177,89,83,27,85,165,87,101,198,102,40,173,30,157,110,155,50,120,78,100,42,52,130,144,135,104,6,196,9,107,33,103,163,189,193,137,51,59,186,97,172,140,116,108,47,176,8,126,37,16,134,164,148,114,115,5,18,86,170,111,179,156,36,45,61,138,32,160,90,119,1,117,7,65,53,169,81,194,44,123,4,2,38,10,190,11,67,162,63,125,105,21,13,74,168,66,58,109,22,82,152,88,191,197,199,118,84,34,69,15,80,72,166,106,70,133,31,145,43,14,64,54,68,48,12,124,39,0,95,159,26,185,175,20,98,182,96,129,142,180,99,183,29,93,132,55,131,122,141,149,75,94,92"

